,Date,Month_num,PAYEMS,BLS_annual,diff_monthly,diff_yoy,Source
0,1919-07-01,0,27078000.0,27078000.0,,,Cubic spline interp. of BLS annual data
1,1919-08-01,1,27475457.62935939,,397457.6293593906,,Cubic spline interp. of BLS annual data
2,1919-09-01,2,27784678.72738831,,309221.0980289206,,Cubic spline interp. of BLS annual data
3,1919-10-01,3,28011645.655520853,,226966.92813254148,,Cubic spline interp. of BLS annual data
4,1919-11-01,4,28162340.77519108,,150695.11967022717,,Cubic spline interp. of BLS annual data
5,1919-12-01,5,28242746.447833102,,80405.67264202237,,Cubic spline interp. of BLS annual data
6,1920-01-01,6,28258845.034880977,,16098.587047874928,,Cubic spline interp. of BLS annual data
7,1920-02-01,7,28216618.897768788,,-42226.137112189084,,Cubic spline interp. of BLS annual data
8,1920-03-01,8,28122050.39793065,,-94568.49983813986,,Cubic spline interp. of BLS annual data
9,1920-04-01,9,27981121.89680061,,-140928.501130037,,Cubic spline interp. of BLS annual data
10,1920-05-01,10,27799815.75581276,,-181306.14098785073,,Cubic spline interp. of BLS annual data
11,1920-06-01,11,27584114.33640121,,-215701.4194115512,,Cubic spline interp. of BLS annual data
12,1920-07-01,12,27340000.0,27340000.0,-244114.33640120924,262000.0,Cubic spline interp. of BLS annual data
13,1920-08-01,13,27073455.108043242,,-266544.89195675775,-402002.52131614834,Cubic spline interp. of BLS annual data
14,1920-09-01,14,26790462.021965012,,-282993.0860782303,-994216.7054232992,Cubic spline interp. of BLS annual data
15,1920-10-01,15,26497003.103199396,,-293458.9187656157,-1514642.5523214564,Cubic spline interp. of BLS annual data
16,1920-11-01,16,26199060.713180467,,-297942.3900189288,-1963280.0620106123,Cubic spline interp. of BLS annual data
17,1920-12-01,17,25902617.21334232,,-296443.4998381473,-2340129.234490782,Cubic spline interp. of BLS annual data
18,1921-01-01,18,25613654.96511903,,-288962.24822328985,-2645190.069761947,Cubic spline interp. of BLS annual data
19,1921-02-01,19,25338156.32994468,,-275498.63517434895,-2878462.5678241067,Cubic spline interp. of BLS annual data
20,1921-03-01,20,25082103.669253364,,-256052.66069131717,-3039946.728677284,Cubic spline interp. of BLS annual data
21,1921-04-01,21,24851479.34447915,,-230624.32477421314,-3129642.55232146,Cubic spline interp. of BLS annual data
22,1921-05-01,22,24652265.71705613,,-199213.62742302194,-3147550.0387566313,Cubic spline interp. of BLS annual data
23,1921-06-01,23,24490445.14841839,,-161820.56863773987,-3093669.18798282,Cubic spline interp. of BLS annual data
24,1921-07-01,24,24372000.0,24372000.0,-118445.14841838926,-2968000.0,Cubic spline interp. of BLS annual data
25,1921-08-01,25,24301352.72550467,,-70647.27449532971,-2772102.382538572,Cubic spline interp. of BLS annual data
26,1921-09-01,26,24276686.1477146,,-24666.577790070325,-2513775.874250412,Cubic spline interp. of BLS annual data
27,1921-10-01,27,24294623.18168158,,17937.033966980875,-2202379.9215178154,Cubic spline interp. of BLS annual data
28,1921-11-01,28,24351786.74245742,,57163.56077583879,-1847273.9707230479,Cubic spline interp. of BLS annual data
29,1921-12-01,29,24444799.745093923,,93013.00263650343,-1457817.468248397,Cubic spline interp. of BLS annual data
30,1922-01-01,30,24570285.104642916,,125485.35954899341,-1043369.8604761139,Cubic spline interp. of BLS annual data
31,1922-02-01,31,24724865.73615618,,154580.63151326403,-613290.5937885009,Cubic spline interp. of BLS annual data
32,1922-03-01,32,24905164.554685537,,180298.81852935627,-176939.11456782743,Cubic spline interp. of BLS annual data
33,1922-04-01,33,25107804.475282792,,202639.92059725523,256325.13080364093,Cubic spline interp. of BLS annual data
34,1922-05-01,34,25329408.412999745,,221603.93771695346,677142.6959436163,Cubic spline interp. of BLS annual data
35,1922-06-01,35,25566599.282888215,,237190.86988846958,1076154.1344698258,Cubic spline interp. of BLS annual data
36,1922-07-01,36,25816000.0,25816000.0,249400.71711178496,1444000.0,Cubic spline interp. of BLS annual data
37,1922-08-01,37,26074146.721419536,,258146.72141953558,1772793.9959148653,Cubic spline interp. of BLS annual data
38,1922-09-01,38,26337228.57236177,,263081.85094223544,2060542.424647171,Cubic spline interp. of BLS annual data
39,1922-10-01,39,26601347.920074303,,264119.3477125317,2306724.738392722,Cubic spline interp. of BLS annual data
40,1922-11-01,40,26862607.131804675,,261259.21173037216,2510820.389347255,Cubic spline interp. of BLS annual data
41,1922-12-01,41,27117108.57480049,,254501.44299581647,2672308.8297065683,Cubic spline interp. of BLS annual data
42,1923-01-01,42,27360954.616309322,,243846.04150883108,2790669.511666406,Cubic spline interp. of BLS annual data
43,1923-02-01,43,27590247.623578746,,229293.00726942345,2865381.8874225654,Cubic spline interp. of BLS annual data
44,1923-03-01,44,27801089.963856343,,210842.3402775973,2895925.4091708064,Cubic spline interp. of BLS annual data
45,1923-04-01,45,27989584.004389692,,188494.04053334892,2881779.5291069,Cubic spline interp. of BLS annual data
46,1923-05-01,46,28151832.11242636,,162248.1080366671,2822423.6994266137,Cubic spline interp. of BLS annual data
47,1923-06-01,47,28283936.655213937,,132104.54278757796,2717337.372325722,Cubic spline interp. of BLS annual data
48,1923-07-01,48,28382000.0,28382000.0,98063.34478606284,2566000.0,Cubic spline interp. of BLS annual data
49,1923-08-01,49,28443596.268446803,,61596.26844680309,2369449.5470272675,Cubic spline interp. of BLS annual data
50,1923-09-01,50,28472186.59987533,,28590.331428527832,2134958.02751356,Cubic spline interp. of BLS annual data
51,1923-10-01,51,28472703.888021242,,517.2881459109485,1871355.9679469392,Cubic spline interp. of BLS annual data
52,1923-11-01,52,28450081.02662018,,-22622.86140106246,1587473.8948155046,Cubic spline interp. of BLS annual data
53,1923-12-01,53,28409250.909407813,,-40830.11721236631,1292142.3346073218,Cubic spline interp. of BLS annual data
54,1924-01-01,54,28355146.4301198,,-54104.47928801179,994191.8138104789,Cubic spline interp. of BLS annual data
55,1924-02-01,55,28292700.482491802,,-62445.94762799889,702452.8589130566,Cubic spline interp. of BLS annual data
56,1924-03-01,56,28226845.960259475,,-65854.52223232761,425755.99640313163,Cubic spline interp. of BLS annual data
57,1924-04-01,57,28162515.757158473,,-64330.20310100168,172931.75276878104,Cubic spline interp. of BLS annual data
58,1924-05-01,58,28104642.76692445,,-57872.99023402482,-47189.345501910895,Cubic spline interp. of BLS annual data
59,1924-06-01,59,28058159.88329307,,-46482.88363137841,-225776.77192086726,Cubic spline interp. of BLS annual data
60,1924-07-01,60,28028000.0,28028000.0,-30159.8832930699,-354000.0,Cubic spline interp. of BLS annual data
61,1924-08-01,61,28017968.204793237,,-10031.79520676285,-425628.06365356594,Cubic spline interp. of BLS annual data
62,1924-09-01,62,28027358.36147023,,9390.156676992774,-444828.238405101,Cubic spline interp. of BLS annual data
63,1924-10-01,63,28054336.527840763,,26978.166370533407,-418367.36018047854,Cubic spline interp. of BLS annual data
64,1924-11-01,64,28097068.76171462,,42732.23387385532,-353012.26490556076,Cubic spline interp. of BLS annual data
65,1924-12-01,65,28153721.120901585,,56652.35918696597,-255529.78850622848,Cubic spline interp. of BLS annual data
66,1925-01-01,66,28222459.663211465,,68738.54230988026,-132686.76690833643,Cubic spline interp. of BLS annual data
67,1925-02-01,67,28301450.44645404,,78990.78324257582,8749.963962238282,Cubic spline interp. of BLS annual data
68,1925-03-01,68,28388859.528439105,,87409.08198506385,162013.56817962974,Cubic spline interp. of BLS annual data
69,1925-04-01,69,28482852.96697644,,93993.43853733689,320337.2098179683,Cubic spline interp. of BLS annual data
70,1925-05-01,70,28581596.81987584,,98743.85289939865,476954.0529513918,Cubic spline interp. of BLS annual data
71,1925-06-01,71,28683257.144947097,,101660.32507125661,625097.2616540268,Cubic spline interp. of BLS annual data
72,1925-07-01,72,28786000.0,28786000.0,102742.8550529033,758000.0,Cubic spline interp. of BLS annual data
73,1925-08-01,73,28888205.680898745,,102205.68089874461,870237.4761055075,Cubic spline interp. of BLS annual data
74,1925-09-01,74,28989111.435725227,,100905.75482648239,961753.0742549971,Cubic spline interp. of BLS annual data
75,1925-10-01,75,29088168.75061573,,99057.31489050388,1033832.2227749676,Cubic spline interp. of BLS annual data
76,1925-11-01,76,29184829.11170655,,96660.36109082028,1087760.3499919325,Cubic spline interp. of BLS annual data
77,1925-12-01,77,29278544.00513398,,93714.89342742786,1124822.8842323944,Cubic spline interp. of BLS annual data
78,1926-01-01,78,29368764.91703432,,90220.91190034151,1146305.2538228557,Cubic spline interp. of BLS annual data
79,1926-02-01,79,29454943.33354387,,86178.41650955006,1153492.88708983,Cubic spline interp. of BLS annual data
80,1926-03-01,80,29536530.74079892,,81587.4072550498,1147671.2123598158,Cubic spline interp. of BLS annual data
81,1926-04-01,81,29612978.62493576,,76447.8841368407,1130125.6579593197,Cubic spline interp. of BLS annual data
82,1926-05-01,82,29683738.472090684,,70759.84715492278,1102141.6522148438,Cubic spline interp. of BLS annual data
83,1926-06-01,83,29748261.7684,,64523.29630931467,1065004.6234529018,Cubic spline interp. of BLS annual data
84,1926-07-01,84,29806000.0,29806000.0,57738.231600001454,1020000.0,Cubic spline interp. of BLS annual data
85,1926-08-01,85,29856515.784574717,,50515.78457471728,968310.1036759727,Cubic spline interp. of BLS annual data
86,1926-09-01,86,29899816.26599922,,43300.48142450303,910704.8302739933,Cubic spline interp. of BLS annual data
87,1926-10-01,87,29936019.71969632,,36203.45369710028,847850.9690805897,Cubic spline interp. of BLS annual data
88,1926-11-01,88,29965244.421088815,,29224.701392494142,780415.3093822636,Cubic spline interp. of BLS annual data
89,1926-12-01,89,29987608.645599507,,22364.22451069206,709064.6404655278,Cubic spline interp. of BLS annual data
90,1927-01-01,90,30003230.66865122,,15622.023051712662,634465.7516168989,Cubic spline interp. of BLS annual data
91,1927-02-01,91,30012228.765666753,,8998.097015533596,557285.4321228825,Cubic spline interp. of BLS annual data
92,1927-03-01,92,30014721.212068915,,2492.4464021623135,478190.471269995,Cubic spline interp. of BLS annual data
93,1927-04-01,93,30010826.283280514,,-3894.9287884011865,397847.6583447531,Cubic spline interp. of BLS annual data
94,1927-05-01,94,30000662.254724354,,-10164.028556160629,316923.7826336697,Cubic spline interp. of BLS annual data
95,1927-06-01,95,29984347.401823245,,-16314.852901108563,236085.63342324644,Cubic spline interp. of BLS annual data
96,1927-07-01,96,29962000.0,29962000.0,-22347.40182324499,156000.0,Cubic spline interp. of BLS annual data
97,1927-08-01,97,29934154.791913476,,-27845.20808652416,77639.00733875856,Cubic spline interp. of BLS annual data
98,1927-09-01,98,29903012.38916676,,-31142.40274671465,3196.123167540878,Cubic spline interp. of BLS annual data
99,1927-10-01,99,29871189.870598998,,-31822.51856776327,-64829.84909732267,Cubic spline interp. of BLS annual data
100,1927-11-01,100,29841304.315049313,,-29885.555549684912,-123940.10603950173,Cubic spline interp. of BLS annual data
101,1927-12-01,101,29815972.80135686,,-25331.513692453504,-171635.8442426473,Cubic spline interp. of BLS annual data
102,1928-01-01,102,29797812.408360787,,-18160.39299607277,-205418.26029043272,Cubic spline interp. of BLS annual data
103,1928-02-01,103,29789440.214900218,,-8372.193460568786,-222788.5507665351,Cubic spline interp. of BLS annual data
104,1928-03-01,104,29793473.299814314,,4033.0849140957,-221247.91225460172,Cubic spline interp. of BLS annual data
105,1928-04-01,105,29812528.741942193,,19055.44212787971,-198297.54133832082,Cubic spline interp. of BLS annual data
106,1928-05-01,106,29849223.620123003,,36694.87818080932,-151438.63460135087,Cubic spline interp. of BLS annual data
107,1928-06-01,107,29906175.01319589,,56951.393072888255,-78172.38862735406,Cubic spline interp. of BLS annual data
108,1928-07-01,108,29986000.0,29986000.0,79824.98680410907,24000.0,Cubic spline interp. of BLS annual data
109,1928-08-01,109,30089951.853326928,,103951.85332692787,155797.06141345203,Cubic spline interp. of BLS annual data
110,1928-09-01,110,30213828.621778183,,123876.76845125481,310816.2326114215,Cubic spline interp. of BLS annual data
111,1928-10-01,111,30352064.547907725,,138235.9261295423,480874.67730872706,Cubic spline interp. of BLS annual data
112,1928-11-01,112,30499093.8742695,,147029.3263617754,657789.5592201874,Cubic spline interp. of BLS annual data
113,1928-12-01,113,30649350.84341748,,150256.9691479802,833378.0420606211,Cubic spline interp. of BLS annual data
114,1929-01-01,114,30797269.697905634,,147918.854488153,999457.2895448469,Cubic spline interp. of BLS annual data
115,1929-02-01,115,30937284.680287912,,140014.9823822789,1147844.4653876945,Cubic spline interp. of BLS annual data
116,1929-03-01,116,31063830.033118304,,126545.35283039138,1270356.7333039902,Cubic spline interp. of BLS annual data
117,1929-04-01,117,31171339.998950735,,107509.96583243087,1358811.2570085414,Cubic spline interp. of BLS annual data
118,1929-05-01,118,31254248.820339188,,82908.82138845325,1405025.2002161853,Cubic spline interp. of BLS annual data
119,1929-06-01,119,31306990.73983762,,52741.91949843243,1400815.7266417295,Cubic spline interp. of BLS annual data
120,1929-07-01,120,31324000.0,31324000.0,17009.260162379593,1338000.0,Cubic spline interp. of BLS annual data
121,1929-08-01,121,31301269.854963977,,-22730.14503602311,1211318.001637049,Cubic spline interp. of BLS annual data
122,1929-09-01,122,31241029.605201982,,-60240.24976199493,1027200.9834237993,Cubic spline interp. of BLS annual data
123,1929-10-01,123,31147067.56277014,,-93962.04243184254,795003.0148624144,Cubic spline interp. of BLS annual data
124,1929-11-01,124,31023172.039724562,,-123895.52304557711,524078.16545506194,Cubic spline interp. of BLS annual data
125,1929-12-01,125,30873131.348121364,,-150040.69160319865,223780.50470388308,Cubic spline interp. of BLS annual data
126,1930-01-01,126,30700733.80001668,,-172397.5481046848,-96535.89788895473,Cubic spline interp. of BLS annual data
127,1930-02-01,127,30509767.707466625,,-190966.0925500542,-427516.9728212878,Cubic spline interp. of BLS annual data
128,1930-03-01,128,30304021.38252732,,-205746.3249393031,-759808.6505909823,Cubic spline interp. of BLS annual data
129,1930-04-01,129,30087283.137254886,,-216738.24527243525,-1084056.8616958484,Cubic spline interp. of BLS annual data
130,1930-05-01,130,29863341.28370544,,-223941.8535494469,-1390907.5366337486,Cubic spline interp. of BLS annual data
131,1930-06-01,131,29635984.133935098,,-227357.1497703418,-1671006.6059025228,Cubic spline interp. of BLS annual data
132,1930-07-01,132,29409000.0,29409000.0,-226984.1339350976,-1915000.0,Cubic spline interp. of BLS annual data
133,1930-08-01,133,29185333.310150485,,-223666.6898495145,-2115936.5448134914,Cubic spline interp. of BLS annual data
134,1930-09-01,134,28964552.957413875,,-220780.35273661092,-2276476.6477881074,Cubic spline interp. of BLS annual data
135,1930-10-01,135,28745383.951011743,,-219169.00640213117,-2401683.611758396,Cubic spline interp. of BLS annual data
136,1930-11-01,136,28526551.300165616,,-218832.65084612742,-2496620.7395589463,Cubic spline interp. of BLS annual data
137,1930-12-01,137,28306780.014097065,,-219771.28606855124,-2566351.334024299,Cubic spline interp. of BLS annual data
138,1931-01-01,138,28084795.102027647,,-221984.91206941754,-2615938.6979890317,Cubic spline interp. of BLS annual data
139,1931-02-01,139,27859321.57317891,,-225473.52884873748,-2650446.134287715,Cubic spline interp. of BLS annual data
140,1931-03-01,140,27629084.43677242,,-230237.13640648872,-2674936.9457549006,Cubic spline interp. of BLS annual data
141,1931-04-01,141,27392808.702029735,,-236275.73474268615,-2694474.4352251515,Cubic spline interp. of BLS annual data
142,1931-05-01,142,27149219.37817239,,-243589.3238573447,-2714121.9055330493,Cubic spline interp. of BLS annual data
143,1931-06-01,143,26897041.474421963,,-252177.90375042707,-2738942.6595131345,Cubic spline interp. of BLS annual data
144,1931-07-01,144,26635000.0,26635000.0,-262041.4744219631,-2774000.0,Cubic spline interp. of BLS annual data
145,1931-08-01,145,26362605.81647111,,-272394.18352888897,-2822727.4936793745,Cubic spline interp. of BLS annual data
146,1931-09-01,146,26082513.194772124,,-280092.62169898674,-2882039.7626417503,Cubic spline interp. of BLS annual data
147,1931-10-01,147,25798162.258182917,,-284350.9365892075,-2947221.6928288266,Cubic spline interp. of BLS annual data
148,1931-11-01,148,25512993.129983358,,-285169.1281995587,-3013558.170182258,Cubic spline interp. of BLS annual data
149,1931-12-01,149,25230445.93345334,,-282547.196530018,-3076334.0806437247,Cubic spline interp. of BLS annual data
150,1932-01-01,150,24953960.791872736,,-276485.141580604,-3130834.310154911,Cubic spline interp. of BLS annual data
151,1932-02-01,151,24686977.828521427,,-266982.9633513093,-3172343.744657483,Cubic spline interp. of BLS annual data
152,1932-03-01,152,24432937.166679285,,-254040.6618421413,-3196147.2700931355,Cubic spline interp. of BLS annual data
153,1932-04-01,153,24195278.929626197,,-237658.23705308884,-3197529.772403538,Cubic spline interp. of BLS annual data
154,1932-05-01,154,23977443.24064203,,-217835.68898416683,-3171776.1375303604,Cubic spline interp. of BLS annual data
155,1932-06-01,155,23782870.22300667,,-194573.01763536036,-3114171.2514152937,Cubic spline interp. of BLS annual data
156,1932-07-01,156,23615000.0,23615000.0,-167870.22300666943,-3020000.0,Cubic spline interp. of BLS annual data
157,1932-08-01,157,23476557.081372473,,-138442.9186275266,-2886048.7350986376,Cubic spline interp. of BLS annual data
158,1932-09-01,158,23367403.522756886,,-109153.55861558765,-2715109.6720152386,Cubic spline interp. of BLS annual data
159,1932-10-01,159,23286685.76625662,,-80717.75650026649,-2511476.4919262975,Cubic spline interp. of BLS annual data
160,1932-11-01,160,23233550.25397503,,-53135.51228158921,-2279442.876008328,Cubic spline interp. of BLS annual data
161,1932-12-01,161,23207143.4280155,,-26406.825959529728,-2023302.5054378398,Cubic spline interp. of BLS annual data
162,1933-01-01,162,23206611.73048141,,-531.6975340917706,-1747349.0613913275,Cubic spline interp. of BLS annual data
163,1933-02-01,163,23231101.60347613,,24489.872994720936,-1455876.2250452973,Cubic spline interp. of BLS annual data
164,1933-03-01,164,23279759.489103038,,48657.88562690839,-1153177.6775762476,Cubic spline interp. of BLS annual data
165,1933-04-01,165,23351731.829465505,,71972.34036246687,-843547.1001606919,Cubic spline interp. of BLS annual data
166,1933-05-01,166,23446165.0666669,,94433.23720139638,-531278.1739751287,Cubic spline interp. of BLS annual data
167,1933-06-01,167,23562205.642810605,,116040.57614370435,-220664.58019606397,Cubic spline interp. of BLS annual data
168,1933-07-01,168,23699000.0,23699000.0,136794.35718939453,84000.0,Cubic spline interp. of BLS annual data
169,1933-08-01,169,23855284.492298245,,156284.49229824543,378727.41092577204,Cubic spline interp. of BLS annual data
170,1933-09-01,170,24028155.12160773,,172870.62930948287,660751.5988508426,Cubic spline interp. of BLS annual data
171,1933-10-01,171,24214297.801790632,,186142.680182904,927612.0355340131,Cubic spline interp. of BLS annual data
172,1933-11-01,172,24410398.446709126,,196100.64491849393,1176848.1927340962,Cubic spline interp. of BLS annual data
173,1933-12-01,173,24613142.970225394,,202744.52351626754,1405999.5422098935,Cubic spline interp. of BLS annual data
174,1934-01-01,174,24819217.286201615,,206074.3159762211,1612605.5557202064,Cubic spline interp. of BLS annual data
175,1934-02-01,175,25025307.30849997,,206090.02229835466,1794205.70502384,Cubic spline interp. of BLS annual data
176,1934-03-01,176,25228098.950982634,,202791.64248266444,1948339.461879596,Cubic spline interp. of BLS annual data
177,1934-04-01,177,25424278.127511796,,196179.17652916163,2072546.2980462909,Cubic spline interp. of BLS annual data
178,1934-05-01,178,25610530.751949616,,186252.62443782017,2164365.6852827147,Cubic spline interp. of BLS annual data
179,1934-06-01,179,25783542.738158293,,173011.9862086773,2221337.0953476876,Cubic spline interp. of BLS annual data
180,1934-07-01,180,25940000.0,25940000.0,156457.26184170693,2241000.0,Cubic spline interp. of BLS annual data
181,1934-08-01,181,26077583.305916008,,137583.3059160076,2222298.813617762,Cubic spline interp. of BLS annual data
182,1934-09-01,182,26197952.842664033,,120369.53674802557,2169797.721056305,Cubic spline interp. of BLS annual data
183,1934-10-01,183,26303763.65158086,,105810.8089168258,2089465.8497902267,Cubic spline interp. of BLS annual data
184,1934-11-01,184,26397670.774003275,,93907.12242241576,1987272.3272941485,Cubic spline interp. of BLS annual data
185,1934-12-01,185,26482329.251268096,,84658.47726482153,1869186.2810427025,Cubic spline interp. of BLS annual data
186,1935-01-01,186,26560394.124712117,,78064.87344402075,1741176.8385105021,Cubic spline interp. of BLS annual data
187,1935-02-01,187,26634520.435672123,,74126.31096000597,1609213.1271721534,Cubic spline interp. of BLS annual data
188,1935-03-01,188,26707363.22548493,,72842.789812807,1479264.274502296,Cubic spline interp. of BLS annual data
189,1935-04-01,189,26781577.535487324,,74214.31000239402,1357299.4079755284,Cubic spline interp. of BLS annual data
190,1935-05-01,190,26859818.4070161,,78240.8715287745,1249287.6550664827,Cubic spline interp. of BLS annual data
191,1935-06-01,191,26944740.881408054,,84922.47439195588,1161198.1432497613,Cubic spline interp. of BLS annual data
192,1935-07-01,192,27039000.0,27039000.0,94259.11859194562,1099000.0,Cubic spline interp. of BLS annual data
193,1935-08-01,193,27144789.691445097,,105789.69144509733,1067206.3855290897,Cubic spline interp. of BLS annual data
194,1935-09-01,194,27262459.433662064,,117669.74221696705,1064506.5909980312,Cubic spline interp. of BLS annual data
195,1935-10-01,195,27391897.591885954,,129438.15822388977,1088133.9403050952,Cubic spline interp. of BLS annual data
196,1935-11-01,196,27532992.531351835,,141094.9394658804,1135321.7573485598,Cubic spline interp. of BLS annual data
197,1935-12-01,197,27685632.6172948,,152640.085942965,1203303.3660267033,Cubic spline interp. of BLS annual data
198,1936-01-01,198,27849706.214949917,,164073.5976551175,1289312.0902378,Cubic spline interp. of BLS annual data
199,1936-02-01,199,28025101.689552266,,175395.4746023491,1390581.2538801432,Cubic spline interp. of BLS annual data
200,1936-03-01,200,28211707.406336915,,186605.7167846486,1504344.1808519848,Cubic spline interp. of BLS annual data
201,1936-04-01,201,28409411.730538942,,197704.32420202717,1627834.195051618,Cubic spline interp. of BLS annual data
202,1936-05-01,202,28618103.027393404,,208691.29685446247,1758284.620377306,Cubic spline interp. of BLS annual data
203,1936-06-01,203,28837669.6621354,,219566.63474199548,1892928.7807273455,Cubic spline interp. of BLS annual data
204,1936-07-01,204,29068000.0,29068000.0,230330.33786460012,2029000.0,Cubic spline interp. of BLS annual data
205,1936-08-01,205,29308044.96534061,,240044.9653406106,2163255.2738955133,Cubic spline interp. of BLS annual data
206,1936-09-01,206,29553005.718984026,,244960.75364341587,2290546.285321962,Cubic spline interp. of BLS annual data
207,1936-10-01,207,29797145.980875373,,244140.26189134642,2405248.3889894187,Cubic spline interp. of BLS annual data
208,1936-11-01,208,30034729.470959757,,237583.49008438364,2501736.939607922,Cubic spline interp. of BLS annual data
209,1936-12-01,209,30260019.909182332,,225290.43822257593,2574387.291887533,Cubic spline interp. of BLS annual data
210,1937-01-01,210,30467281.01548821,,207261.1063058786,2617574.800538294,Cubic spline interp. of BLS annual data
211,1937-02-01,211,30650776.50982252,,183495.4943343103,2625674.820270255,Cubic spline interp. of BLS annual data
212,1937-03-01,212,30804770.112130396,,153993.6023078747,2593062.7057934813,Cubic spline interp. of BLS annual data
213,1937-04-01,213,30923525.542356957,,118755.43022656068,2514113.811818015,Cubic spline interp. of BLS annual data
214,1937-05-01,214,31001306.52044732,,77780.97809036449,2383203.493053917,Cubic spline interp. of BLS annual data
215,1937-06-01,215,31032376.766346633,,31070.245899312198,2194707.1042112336,Cubic spline interp. of BLS annual data
216,1937-07-01,216,31011000.0,31011000.0,-21376.766346633434,1943000.0,Cubic spline interp. of BLS annual data
217,1937-08-01,217,30934112.62311837,,-76887.37688162923,1626067.6577777602,Cubic spline interp. of BLS annual data
218,1937-09-01,218,30809341.764475916,,-124770.85864245519,1256336.0454918891,Cubic spline interp. of BLS annual data
219,1937-10-01,219,30646987.234612603,,-162354.52986331284,849841.2537372299,Cubic spline interp. of BLS annual data
220,1937-11-01,220,30457348.844068393,,-189638.39054420963,422619.3731086366,Cubic spline interp. of BLS annual data
221,1937-12-01,221,30250726.40338329,,-206622.44068510458,-9293.505799043924,Cubic spline interp. of BLS annual data
222,1938-01-01,222,30037419.72309725,,-213306.68028603867,-429861.2923909612,Cubic spline interp. of BLS annual data
223,1938-02-01,223,29827728.613750238,,-209691.1093470119,-823047.8960722834,Cubic spline interp. of BLS annual data
224,1938-03-01,224,29631952.885882266,,-195775.7278679721,-1172817.2262481302,Cubic spline interp. of BLS annual data
225,1938-04-01,225,29460392.350033276,,-171560.53584899008,-1463133.192323681,Cubic spline interp. of BLS annual data
226,1938-05-01,226,29323346.81674325,,-137045.53329002485,-1677959.7037040703,Cubic spline interp. of BLS annual data
227,1938-06-01,227,29231116.09655217,,-92230.72019108012,-1801260.6697944626,Cubic spline interp. of BLS annual data
228,1938-07-01,228,29194000.0,29194000.0,-37116.09655217081,-1817000.0,Cubic spline interp. of BLS annual data
229,1938-08-01,229,29218675.652870517,,24675.652870517224,-1715436.9702478535,Cubic spline interp. of BLS annual data
230,1938-09-01,230,29297329.441922583,,78653.78905206546,-1512012.322553333,Cubic spline interp. of BLS annual data
231,1938-10-01,231,29418525.0691589,,121195.62723631784,-1228462.1654537022,Cubic spline interp. of BLS annual data
232,1938-11-01,232,29570826.23658213,,152301.16742322966,-886522.6074862629,Cubic spline interp. of BLS annual data
233,1938-12-01,233,29742796.646194935,,171970.40961280465,-507929.7571883537,Cubic spline interp. of BLS annual data
234,1939-01-01,234,29923000.0,,180203.35380506516,-114419.72309724987,BLS monthly series
235,1939-02-01,235,30100000.0,,177000.0,272271.386249762,BLS monthly series
236,1939-03-01,236,30280000.0,,180000.0,648047.1141177341,BLS monthly series
237,1939-04-01,237,30094000.0,,-186000.0,633607.6499667242,BLS monthly series
238,1939-05-01,238,30299000.0,,205000.0,975653.1832567491,BLS monthly series
239,1939-06-01,239,30502000.0,,203000.0,1270883.9034478292,BLS monthly series
240,1939-07-01,240,30419000.0,,-83000.0,1225000.0,BLS monthly series
241,1939-08-01,241,30663000.0,,244000.0,1444324.3471294828,BLS monthly series
242,1939-09-01,242,31031000.0,,368000.0,1733670.5580774173,BLS monthly series
243,1939-10-01,243,31411000.0,,380000.0,1992474.9308410995,BLS monthly series
244,1939-11-01,244,31470000.0,,59000.0,1899173.7634178698,BLS monthly series
245,1939-12-01,245,31542000.0,,72000.0,1799203.3538050652,BLS monthly series
246,1940-01-01,246,31603000.0,,61000.0,1680000.0,BLS monthly series
247,1940-02-01,247,31715000.0,,112000.0,1615000.0,BLS monthly series
248,1940-03-01,248,31825000.0,,110000.0,1545000.0,BLS monthly series
249,1940-04-01,249,31701000.0,,-124000.0,1607000.0,BLS monthly series
250,1940-05-01,250,31879000.0,,178000.0,1580000.0,BLS monthly series
251,1940-06-01,251,31977000.0,,98000.0,1475000.0,BLS monthly series
252,1940-07-01,252,31942000.0,,-35000.0,1523000.0,BLS monthly series
253,1940-08-01,253,32352000.0,,410000.0,1689000.0,BLS monthly series
254,1940-09-01,254,32810000.0,,458000.0,1779000.0,BLS monthly series
255,1940-10-01,255,33267000.0,,457000.0,1856000.0,BLS monthly series
256,1940-11-01,256,33669000.0,,402000.0,2199000.0,BLS monthly series
257,1940-12-01,257,34174000.0,,505000.0,2632000.0,BLS monthly series
258,1941-01-01,258,34481000.0,,307000.0,2878000.0,BLS monthly series
259,1941-02-01,259,34843000.0,,362000.0,3128000.0,BLS monthly series
260,1941-03-01,260,35092000.0,,249000.0,3267000.0,BLS monthly series
261,1941-04-01,261,35468000.0,,376000.0,3767000.0,BLS monthly series
262,1941-05-01,262,36182000.0,,714000.0,4303000.0,BLS monthly series
263,1941-06-01,263,36650000.0,,468000.0,4673000.0,BLS monthly series
264,1941-07-01,264,37137000.0,,487000.0,5195000.0,BLS monthly series
265,1941-08-01,265,37544000.0,,407000.0,5192000.0,BLS monthly series
266,1941-09-01,266,37835000.0,,291000.0,5025000.0,BLS monthly series
267,1941-10-01,267,37949000.0,,114000.0,4682000.0,BLS monthly series
268,1941-11-01,268,38024000.0,,75000.0,4355000.0,BLS monthly series
269,1941-12-01,269,38104000.0,,80000.0,3930000.0,BLS monthly series
270,1942-01-01,270,38347000.0,,243000.0,3866000.0,BLS monthly series
271,1942-02-01,271,38512000.0,,165000.0,3669000.0,BLS monthly series
272,1942-03-01,272,38935000.0,,423000.0,3843000.0,BLS monthly series
273,1942-04-01,273,39352000.0,,417000.0,3884000.0,BLS monthly series
274,1942-05-01,274,39771000.0,,419000.0,3589000.0,BLS monthly series
275,1942-06-01,275,40029000.0,,258000.0,3379000.0,BLS monthly series
276,1942-07-01,276,40472000.0,,443000.0,3335000.0,BLS monthly series
277,1942-08-01,277,40988000.0,,516000.0,3444000.0,BLS monthly series
278,1942-09-01,278,41259000.0,,271000.0,3424000.0,BLS monthly series
279,1942-10-01,279,41515000.0,,256000.0,3566000.0,BLS monthly series
280,1942-11-01,280,41674000.0,,159000.0,3650000.0,BLS monthly series
281,1942-12-01,281,41915000.0,,241000.0,3811000.0,BLS monthly series
282,1943-01-01,282,42172000.0,,257000.0,3825000.0,BLS monthly series
283,1943-02-01,283,42393000.0,,221000.0,3881000.0,BLS monthly series
284,1943-03-01,284,42552000.0,,159000.0,3617000.0,BLS monthly series
285,1943-04-01,285,42647000.0,,95000.0,3295000.0,BLS monthly series
286,1943-05-01,286,42596000.0,,-51000.0,2825000.0,BLS monthly series
287,1943-06-01,287,42781000.0,,185000.0,2752000.0,BLS monthly series
288,1943-07-01,288,42700000.0,,-81000.0,2228000.0,BLS monthly series
289,1943-08-01,289,42546000.0,,-154000.0,1558000.0,BLS monthly series
290,1943-09-01,290,42492000.0,,-54000.0,1233000.0,BLS monthly series
291,1943-10-01,291,42675000.0,,183000.0,1160000.0,BLS monthly series
292,1943-11-01,292,42821000.0,,146000.0,1147000.0,BLS monthly series
293,1943-12-01,293,42746000.0,,-75000.0,831000.0,BLS monthly series
294,1944-01-01,294,42654000.0,,-92000.0,482000.0,BLS monthly series
295,1944-02-01,295,42538000.0,,-116000.0,145000.0,BLS monthly series
296,1944-03-01,296,42294000.0,,-244000.0,-258000.0,BLS monthly series
297,1944-04-01,297,42063000.0,,-231000.0,-584000.0,BLS monthly series
298,1944-05-01,298,41985000.0,,-78000.0,-611000.0,BLS monthly series
299,1944-06-01,299,41947000.0,,-38000.0,-834000.0,BLS monthly series
300,1944-07-01,300,41904000.0,,-43000.0,-796000.0,BLS monthly series
301,1944-08-01,301,41850000.0,,-54000.0,-696000.0,BLS monthly series
302,1944-09-01,302,41679000.0,,-171000.0,-813000.0,BLS monthly series
303,1944-10-01,303,41708000.0,,29000.0,-967000.0,BLS monthly series
304,1944-11-01,304,41711000.0,,3000.0,-1110000.0,BLS monthly series
305,1944-12-01,305,41860000.0,,149000.0,-886000.0,BLS monthly series
306,1945-01-01,306,41895000.0,,35000.0,-759000.0,BLS monthly series
307,1945-02-01,307,41897000.0,,2000.0,-641000.0,BLS monthly series
308,1945-03-01,308,41798000.0,,-99000.0,-496000.0,BLS monthly series
309,1945-04-01,309,41446000.0,,-352000.0,-617000.0,BLS monthly series
310,1945-05-01,310,41304000.0,,-142000.0,-681000.0,BLS monthly series
311,1945-06-01,311,41149000.0,,-155000.0,-798000.0,BLS monthly series
312,1945-07-01,312,40874000.0,,-275000.0,-1030000.0,BLS monthly series
313,1945-08-01,313,40466000.0,,-408000.0,-1384000.0,BLS monthly series
314,1945-09-01,314,38507000.0,,-1959000.0,-3172000.0,BLS monthly series
315,1945-10-01,315,38600000.0,,93000.0,-3108000.0,BLS monthly series
316,1945-11-01,316,38996000.0,,396000.0,-2715000.0,BLS monthly series
317,1945-12-01,317,39110000.0,,114000.0,-2750000.0,BLS monthly series
318,1946-01-01,318,39829000.0,,719000.0,-2066000.0,BLS monthly series
319,1946-02-01,319,39244000.0,,-585000.0,-2653000.0,BLS monthly series
320,1946-03-01,320,40195000.0,,951000.0,-1603000.0,BLS monthly series
321,1946-04-01,321,40913000.0,,718000.0,-533000.0,BLS monthly series
322,1946-05-01,322,41349000.0,,436000.0,45000.0,BLS monthly series
323,1946-06-01,323,41735000.0,,386000.0,586000.0,BLS monthly series
324,1946-07-01,324,42153000.0,,418000.0,1279000.0,BLS monthly series
325,1946-08-01,325,42642000.0,,489000.0,2176000.0,BLS monthly series
326,1946-09-01,326,42915000.0,,273000.0,4408000.0,BLS monthly series
327,1946-10-01,327,43093000.0,,178000.0,4493000.0,BLS monthly series
328,1946-11-01,328,43395000.0,,302000.0,4399000.0,BLS monthly series
329,1946-12-01,329,43379000.0,,-16000.0,4269000.0,BLS monthly series
330,1947-01-01,330,43535000.0,,156000.0,3706000.0,BLS monthly series
331,1947-02-01,331,43557000.0,,22000.0,4313000.0,BLS monthly series
332,1947-03-01,332,43607000.0,,50000.0,3412000.0,BLS monthly series
333,1947-04-01,333,43499000.0,,-108000.0,2586000.0,BLS monthly series
334,1947-05-01,334,43638000.0,,139000.0,2289000.0,BLS monthly series
335,1947-06-01,335,43810000.0,,172000.0,2075000.0,BLS monthly series
336,1947-07-01,336,43743000.0,,-67000.0,1590000.0,BLS monthly series
337,1947-08-01,337,43960000.0,,217000.0,1318000.0,BLS monthly series
338,1947-09-01,338,44203000.0,,243000.0,1288000.0,BLS monthly series
339,1947-10-01,339,44411000.0,,208000.0,1318000.0,BLS monthly series
340,1947-11-01,340,44484000.0,,73000.0,1089000.0,BLS monthly series
341,1947-12-01,341,44581000.0,,97000.0,1202000.0,BLS monthly series
342,1948-01-01,342,44679000.0,,98000.0,1144000.0,BLS monthly series
343,1948-02-01,343,44533000.0,,-146000.0,976000.0,BLS monthly series
344,1948-03-01,344,44683000.0,,150000.0,1076000.0,BLS monthly series
345,1948-04-01,345,44379000.0,,-304000.0,880000.0,BLS monthly series
346,1948-05-01,346,44796000.0,,417000.0,1158000.0,BLS monthly series
347,1948-06-01,347,45034000.0,,238000.0,1224000.0,BLS monthly series
348,1948-07-01,348,45160000.0,,126000.0,1417000.0,BLS monthly series
349,1948-08-01,349,45178000.0,,18000.0,1218000.0,BLS monthly series
350,1948-09-01,350,45294000.0,,116000.0,1091000.0,BLS monthly series
351,1948-10-01,351,45245000.0,,-49000.0,834000.0,BLS monthly series
352,1948-11-01,352,45192000.0,,-53000.0,708000.0,BLS monthly series
353,1948-12-01,353,45032000.0,,-160000.0,451000.0,BLS monthly series
354,1949-01-01,354,44668000.0,,-364000.0,-11000.0,BLS monthly series
355,1949-02-01,355,44497000.0,,-171000.0,-36000.0,BLS monthly series
356,1949-03-01,356,44240000.0,,-257000.0,-443000.0,BLS monthly series
357,1949-04-01,357,44236000.0,,-4000.0,-143000.0,BLS monthly series
358,1949-05-01,358,43984000.0,,-252000.0,-812000.0,BLS monthly series
359,1949-06-01,359,43739000.0,,-245000.0,-1295000.0,BLS monthly series
360,1949-07-01,360,43531000.0,,-208000.0,-1629000.0,BLS monthly series
361,1949-08-01,361,43624000.0,,93000.0,-1554000.0,BLS monthly series
362,1949-09-01,362,43780000.0,,156000.0,-1514000.0,BLS monthly series
363,1949-10-01,363,42942000.0,,-838000.0,-2303000.0,BLS monthly series
364,1949-11-01,364,43242000.0,,300000.0,-1950000.0,BLS monthly series
365,1949-12-01,365,43522000.0,,280000.0,-1510000.0,BLS monthly series
366,1950-01-01,366,43526000.0,,4000.0,-1142000.0,BLS monthly series
367,1950-02-01,367,43297000.0,,-229000.0,-1200000.0,BLS monthly series
368,1950-03-01,368,43954000.0,,657000.0,-286000.0,BLS monthly series
369,1950-04-01,369,44382000.0,,428000.0,146000.0,BLS monthly series
370,1950-05-01,370,44718000.0,,336000.0,734000.0,BLS monthly series
371,1950-06-01,371,45083000.0,,365000.0,1344000.0,BLS monthly series
372,1950-07-01,372,45454000.0,,371000.0,1923000.0,BLS monthly series
373,1950-08-01,373,46192000.0,,738000.0,2568000.0,BLS monthly series
374,1950-09-01,374,46438000.0,,246000.0,2658000.0,BLS monthly series
375,1950-10-01,375,46706000.0,,268000.0,3764000.0,BLS monthly series
376,1950-11-01,376,46776000.0,,70000.0,3534000.0,BLS monthly series
377,1950-12-01,377,46861000.0,,85000.0,3339000.0,BLS monthly series
378,1951-01-01,378,47288000.0,,427000.0,3762000.0,BLS monthly series
379,1951-02-01,379,47577000.0,,289000.0,4280000.0,BLS monthly series
380,1951-03-01,380,47873000.0,,296000.0,3919000.0,BLS monthly series
381,1951-04-01,381,47861000.0,,-12000.0,3479000.0,BLS monthly series
382,1951-05-01,382,47952000.0,,91000.0,3234000.0,BLS monthly series
383,1951-06-01,383,48064000.0,,112000.0,2981000.0,BLS monthly series
384,1951-07-01,384,48061000.0,,-3000.0,2607000.0,BLS monthly series
385,1951-08-01,385,48012000.0,,-49000.0,1820000.0,BLS monthly series
386,1951-09-01,386,47954000.0,,-58000.0,1516000.0,BLS monthly series
387,1951-10-01,387,48006000.0,,52000.0,1300000.0,BLS monthly series
388,1951-11-01,388,48147000.0,,141000.0,1371000.0,BLS monthly series
389,1951-12-01,389,48314000.0,,167000.0,1453000.0,BLS monthly series
390,1952-01-01,390,48296000.0,,-18000.0,1008000.0,BLS monthly series
391,1952-02-01,391,48522000.0,,226000.0,945000.0,BLS monthly series
392,1952-03-01,392,48504000.0,,-18000.0,631000.0,BLS monthly series
393,1952-04-01,393,48620000.0,,116000.0,759000.0,BLS monthly series
394,1952-05-01,394,48642000.0,,22000.0,690000.0,BLS monthly series
395,1952-06-01,395,48282000.0,,-360000.0,218000.0,BLS monthly series
396,1952-07-01,396,48143000.0,,-139000.0,82000.0,BLS monthly series
397,1952-08-01,397,48924000.0,,781000.0,912000.0,BLS monthly series
398,1952-09-01,398,49320000.0,,396000.0,1366000.0,BLS monthly series
399,1952-10-01,399,49597000.0,,277000.0,1591000.0,BLS monthly series
400,1952-11-01,400,49816000.0,,219000.0,1669000.0,BLS monthly series
401,1952-12-01,401,50166000.0,,350000.0,1852000.0,BLS monthly series
402,1953-01-01,402,50144000.0,,-22000.0,1848000.0,BLS monthly series
403,1953-02-01,403,50339000.0,,195000.0,1817000.0,BLS monthly series
404,1953-03-01,404,50473000.0,,134000.0,1969000.0,BLS monthly series
405,1953-04-01,405,50435000.0,,-38000.0,1815000.0,BLS monthly series
406,1953-05-01,406,50490000.0,,55000.0,1848000.0,BLS monthly series
407,1953-06-01,407,50519000.0,,29000.0,2237000.0,BLS monthly series
408,1953-07-01,408,50536000.0,,17000.0,2393000.0,BLS monthly series
409,1953-08-01,409,50489000.0,,-47000.0,1565000.0,BLS monthly series
410,1953-09-01,410,50368000.0,,-121000.0,1048000.0,BLS monthly series
411,1953-10-01,411,50240000.0,,-128000.0,643000.0,BLS monthly series
412,1953-11-01,412,49908000.0,,-332000.0,92000.0,BLS monthly series
413,1953-12-01,413,49703000.0,,-205000.0,-463000.0,BLS monthly series
414,1954-01-01,414,49469000.0,,-234000.0,-675000.0,BLS monthly series
415,1954-02-01,415,49382000.0,,-87000.0,-957000.0,BLS monthly series
416,1954-03-01,416,49157000.0,,-225000.0,-1316000.0,BLS monthly series
417,1954-04-01,417,49179000.0,,22000.0,-1256000.0,BLS monthly series
418,1954-05-01,418,48965000.0,,-214000.0,-1525000.0,BLS monthly series
419,1954-06-01,419,48895000.0,,-70000.0,-1624000.0,BLS monthly series
420,1954-07-01,420,48835000.0,,-60000.0,-1701000.0,BLS monthly series
421,1954-08-01,421,48826000.0,,-9000.0,-1663000.0,BLS monthly series
422,1954-09-01,422,48886000.0,,60000.0,-1482000.0,BLS monthly series
423,1954-10-01,423,48942000.0,,56000.0,-1298000.0,BLS monthly series
424,1954-11-01,424,49180000.0,,238000.0,-728000.0,BLS monthly series
425,1954-12-01,425,49331000.0,,151000.0,-372000.0,BLS monthly series
426,1955-01-01,426,49496000.0,,165000.0,27000.0,BLS monthly series
427,1955-02-01,427,49644000.0,,148000.0,262000.0,BLS monthly series
428,1955-03-01,428,49962000.0,,318000.0,805000.0,BLS monthly series
429,1955-04-01,429,50248000.0,,286000.0,1069000.0,BLS monthly series
430,1955-05-01,430,50512000.0,,264000.0,1547000.0,BLS monthly series
431,1955-06-01,431,50790000.0,,278000.0,1895000.0,BLS monthly series
432,1955-07-01,432,50987000.0,,197000.0,2152000.0,BLS monthly series
433,1955-08-01,433,51111000.0,,124000.0,2285000.0,BLS monthly series
434,1955-09-01,434,51266000.0,,155000.0,2380000.0,BLS monthly series
435,1955-10-01,435,51429000.0,,163000.0,2487000.0,BLS monthly series
436,1955-11-01,436,51592000.0,,163000.0,2412000.0,BLS monthly series
437,1955-12-01,437,51805000.0,,213000.0,2474000.0,BLS monthly series
438,1956-01-01,438,51975000.0,,170000.0,2479000.0,BLS monthly series
439,1956-02-01,439,52167000.0,,192000.0,2523000.0,BLS monthly series
440,1956-03-01,440,52294000.0,,127000.0,2332000.0,BLS monthly series
441,1956-04-01,441,52375000.0,,81000.0,2127000.0,BLS monthly series
442,1956-05-01,442,52506000.0,,131000.0,1994000.0,BLS monthly series
443,1956-06-01,443,52586000.0,,80000.0,1796000.0,BLS monthly series
444,1956-07-01,444,51955000.0,,-631000.0,968000.0,BLS monthly series
445,1956-08-01,445,52631000.0,,676000.0,1520000.0,BLS monthly series
446,1956-09-01,446,52604000.0,,-27000.0,1338000.0,BLS monthly series
447,1956-10-01,447,52777000.0,,173000.0,1348000.0,BLS monthly series
448,1956-11-01,448,52821000.0,,44000.0,1229000.0,BLS monthly series
449,1956-12-01,449,52929000.0,,108000.0,1124000.0,BLS monthly series
450,1957-01-01,450,52887000.0,,-42000.0,912000.0,BLS monthly series
451,1957-02-01,451,53097000.0,,210000.0,930000.0,BLS monthly series
452,1957-03-01,452,53156000.0,,59000.0,862000.0,BLS monthly series
453,1957-04-01,453,53238000.0,,82000.0,863000.0,BLS monthly series
454,1957-05-01,454,53150000.0,,-88000.0,644000.0,BLS monthly series
455,1957-06-01,455,53067000.0,,-83000.0,481000.0,BLS monthly series
456,1957-07-01,456,53123000.0,,56000.0,1168000.0,BLS monthly series
457,1957-08-01,457,53128000.0,,5000.0,497000.0,BLS monthly series
458,1957-09-01,458,52934000.0,,-194000.0,330000.0,BLS monthly series
459,1957-10-01,459,52763000.0,,-171000.0,-14000.0,BLS monthly series
460,1957-11-01,460,52558000.0,,-205000.0,-263000.0,BLS monthly series
461,1957-12-01,461,52384000.0,,-174000.0,-545000.0,BLS monthly series
462,1958-01-01,462,52076000.0,,-308000.0,-811000.0,BLS monthly series
463,1958-02-01,463,51576000.0,,-500000.0,-1521000.0,BLS monthly series
464,1958-03-01,464,51299000.0,,-277000.0,-1857000.0,BLS monthly series
465,1958-04-01,465,51027000.0,,-272000.0,-2211000.0,BLS monthly series
466,1958-05-01,466,50914000.0,,-113000.0,-2236000.0,BLS monthly series
467,1958-06-01,467,50914000.0,,0.0,-2153000.0,BLS monthly series
468,1958-07-01,468,51039000.0,,125000.0,-2084000.0,BLS monthly series
469,1958-08-01,469,51233000.0,,194000.0,-1895000.0,BLS monthly series
470,1958-09-01,470,51506000.0,,273000.0,-1428000.0,BLS monthly series
471,1958-10-01,471,51485000.0,,-21000.0,-1278000.0,BLS monthly series
472,1958-11-01,472,51944000.0,,459000.0,-614000.0,BLS monthly series
473,1958-12-01,473,52085000.0,,141000.0,-299000.0,BLS monthly series
474,1959-01-01,474,52478000.0,,393000.0,402000.0,BLS monthly series
475,1959-02-01,475,52688000.0,,210000.0,1112000.0,BLS monthly series
476,1959-03-01,476,53014000.0,,326000.0,1715000.0,BLS monthly series
477,1959-04-01,477,53321000.0,,307000.0,2294000.0,BLS monthly series
478,1959-05-01,478,53550000.0,,229000.0,2636000.0,BLS monthly series
479,1959-06-01,479,53681000.0,,131000.0,2767000.0,BLS monthly series
480,1959-07-01,480,53804000.0,,123000.0,2765000.0,BLS monthly series
481,1959-08-01,481,53336000.0,,-468000.0,2103000.0,BLS monthly series
482,1959-09-01,482,53428000.0,,92000.0,1922000.0,BLS monthly series
483,1959-10-01,483,53358000.0,,-70000.0,1873000.0,BLS monthly series
484,1959-11-01,484,53634000.0,,276000.0,1690000.0,BLS monthly series
485,1959-12-01,485,54174000.0,,540000.0,2089000.0,BLS monthly series
486,1960-01-01,486,54274000.0,,100000.0,1796000.0,BLS monthly series
487,1960-02-01,487,54513000.0,,239000.0,1825000.0,BLS monthly series
488,1960-03-01,488,54454000.0,,-59000.0,1440000.0,BLS monthly series
489,1960-04-01,489,54813000.0,,359000.0,1492000.0,BLS monthly series
490,1960-05-01,490,54475000.0,,-338000.0,925000.0,BLS monthly series
491,1960-06-01,491,54348000.0,,-127000.0,667000.0,BLS monthly series
492,1960-07-01,492,54306000.0,,-42000.0,502000.0,BLS monthly series
493,1960-08-01,493,54272000.0,,-34000.0,936000.0,BLS monthly series
494,1960-09-01,494,54227000.0,,-45000.0,799000.0,BLS monthly series
495,1960-10-01,495,54142000.0,,-85000.0,784000.0,BLS monthly series
496,1960-11-01,496,53961000.0,,-181000.0,327000.0,BLS monthly series
497,1960-12-01,497,53742000.0,,-219000.0,-432000.0,BLS monthly series
498,1961-01-01,498,53683000.0,,-59000.0,-591000.0,BLS monthly series
499,1961-02-01,499,53557000.0,,-126000.0,-956000.0,BLS monthly series
500,1961-03-01,500,53659000.0,,102000.0,-795000.0,BLS monthly series
501,1961-04-01,501,53627000.0,,-32000.0,-1186000.0,BLS monthly series
502,1961-05-01,502,53786000.0,,159000.0,-689000.0,BLS monthly series
503,1961-06-01,503,53977000.0,,191000.0,-371000.0,BLS monthly series
504,1961-07-01,504,54123000.0,,146000.0,-183000.0,BLS monthly series
505,1961-08-01,505,54298000.0,,175000.0,26000.0,BLS monthly series
506,1961-09-01,506,54388000.0,,90000.0,161000.0,BLS monthly series
507,1961-10-01,507,54522000.0,,134000.0,380000.0,BLS monthly series
508,1961-11-01,508,54742000.0,,220000.0,781000.0,BLS monthly series
509,1961-12-01,509,54872000.0,,130000.0,1130000.0,BLS monthly series
510,1962-01-01,510,54891000.0,,19000.0,1208000.0,BLS monthly series
511,1962-02-01,511,55188000.0,,297000.0,1631000.0,BLS monthly series
512,1962-03-01,512,55275000.0,,87000.0,1616000.0,BLS monthly series
513,1962-04-01,513,55602000.0,,327000.0,1975000.0,BLS monthly series
514,1962-05-01,514,55628000.0,,26000.0,1842000.0,BLS monthly series
515,1962-06-01,515,55644000.0,,16000.0,1667000.0,BLS monthly series
516,1962-07-01,516,55746000.0,,102000.0,1623000.0,BLS monthly series
517,1962-08-01,517,55838000.0,,92000.0,1540000.0,BLS monthly series
518,1962-09-01,518,55978000.0,,140000.0,1590000.0,BLS monthly series
519,1962-10-01,519,56041000.0,,63000.0,1519000.0,BLS monthly series
520,1962-11-01,520,56056000.0,,15000.0,1314000.0,BLS monthly series
521,1962-12-01,521,56028000.0,,-28000.0,1156000.0,BLS monthly series
522,1963-01-01,522,56115000.0,,87000.0,1224000.0,BLS monthly series
523,1963-02-01,523,56230000.0,,115000.0,1042000.0,BLS monthly series
524,1963-03-01,524,56320000.0,,90000.0,1045000.0,BLS monthly series
525,1963-04-01,525,56580000.0,,260000.0,978000.0,BLS monthly series
526,1963-05-01,526,56616000.0,,36000.0,988000.0,BLS monthly series
527,1963-06-01,527,56659000.0,,43000.0,1015000.0,BLS monthly series
528,1963-07-01,528,56794000.0,,135000.0,1048000.0,BLS monthly series
529,1963-08-01,529,56910000.0,,116000.0,1072000.0,BLS monthly series
530,1963-09-01,530,57078000.0,,168000.0,1100000.0,BLS monthly series
531,1963-10-01,531,57283000.0,,205000.0,1242000.0,BLS monthly series
532,1963-11-01,532,57255000.0,,-28000.0,1199000.0,BLS monthly series
533,1963-12-01,533,57361000.0,,106000.0,1333000.0,BLS monthly series
534,1964-01-01,534,57487000.0,,126000.0,1372000.0,BLS monthly series
535,1964-02-01,535,57753000.0,,266000.0,1523000.0,BLS monthly series
536,1964-03-01,536,57897000.0,,144000.0,1577000.0,BLS monthly series
537,1964-04-01,537,57922000.0,,25000.0,1342000.0,BLS monthly series
538,1964-05-01,538,58089000.0,,167000.0,1473000.0,BLS monthly series
539,1964-06-01,539,58219000.0,,130000.0,1560000.0,BLS monthly series
540,1964-07-01,540,58412000.0,,193000.0,1618000.0,BLS monthly series
541,1964-08-01,541,58619000.0,,207000.0,1709000.0,BLS monthly series
542,1964-09-01,542,58903000.0,,284000.0,1825000.0,BLS monthly series
543,1964-10-01,543,58793000.0,,-110000.0,1510000.0,BLS monthly series
544,1964-11-01,544,59218000.0,,425000.0,1963000.0,BLS monthly series
545,1964-12-01,545,59421000.0,,203000.0,2060000.0,BLS monthly series
546,1965-01-01,546,59582000.0,,161000.0,2095000.0,BLS monthly series
547,1965-02-01,547,59800000.0,,218000.0,2047000.0,BLS monthly series
548,1965-03-01,548,60003000.0,,203000.0,2106000.0,BLS monthly series
549,1965-04-01,549,60259000.0,,256000.0,2337000.0,BLS monthly series
550,1965-05-01,550,60491000.0,,232000.0,2402000.0,BLS monthly series
551,1965-06-01,551,60690000.0,,199000.0,2471000.0,BLS monthly series
552,1965-07-01,552,60965000.0,,275000.0,2553000.0,BLS monthly series
553,1965-08-01,553,61228000.0,,263000.0,2609000.0,BLS monthly series
554,1965-09-01,554,61490000.0,,262000.0,2587000.0,BLS monthly series
555,1965-10-01,555,61719000.0,,229000.0,2926000.0,BLS monthly series
556,1965-11-01,556,61996000.0,,277000.0,2778000.0,BLS monthly series
557,1965-12-01,557,62322000.0,,326000.0,2901000.0,BLS monthly series
558,1966-01-01,558,62529000.0,,207000.0,2947000.0,BLS monthly series
559,1966-02-01,559,62796000.0,,267000.0,2996000.0,BLS monthly series
560,1966-03-01,560,63192000.0,,396000.0,3189000.0,BLS monthly series
561,1966-04-01,561,63437000.0,,245000.0,3178000.0,BLS monthly series
562,1966-05-01,562,63712000.0,,275000.0,3221000.0,BLS monthly series
563,1966-06-01,563,64111000.0,,399000.0,3421000.0,BLS monthly series
564,1966-07-01,564,64301000.0,,190000.0,3336000.0,BLS monthly series
565,1966-08-01,565,64507000.0,,206000.0,3279000.0,BLS monthly series
566,1966-09-01,566,64643000.0,,136000.0,3153000.0,BLS monthly series
567,1966-10-01,567,64854000.0,,211000.0,3135000.0,BLS monthly series
568,1966-11-01,568,65019000.0,,165000.0,3023000.0,BLS monthly series
569,1966-12-01,569,65199000.0,,180000.0,2877000.0,BLS monthly series
570,1967-01-01,570,65407000.0,,208000.0,2878000.0,BLS monthly series
571,1967-02-01,571,65429000.0,,22000.0,2633000.0,BLS monthly series
572,1967-03-01,572,65530000.0,,101000.0,2338000.0,BLS monthly series
573,1967-04-01,573,65466000.0,,-64000.0,2029000.0,BLS monthly series
574,1967-05-01,574,65620000.0,,154000.0,1908000.0,BLS monthly series
575,1967-06-01,575,65750000.0,,130000.0,1639000.0,BLS monthly series
576,1967-07-01,576,65888000.0,,138000.0,1587000.0,BLS monthly series
577,1967-08-01,577,66143000.0,,255000.0,1636000.0,BLS monthly series
578,1967-09-01,578,66164000.0,,21000.0,1521000.0,BLS monthly series
579,1967-10-01,579,66225000.0,,61000.0,1371000.0,BLS monthly series
580,1967-11-01,580,66703000.0,,478000.0,1684000.0,BLS monthly series
581,1967-12-01,581,66900000.0,,197000.0,1701000.0,BLS monthly series
582,1968-01-01,582,66804000.0,,-96000.0,1397000.0,BLS monthly series
583,1968-02-01,583,67215000.0,,411000.0,1786000.0,BLS monthly series
584,1968-03-01,584,67295000.0,,80000.0,1765000.0,BLS monthly series
585,1968-04-01,585,67556000.0,,261000.0,2090000.0,BLS monthly series
586,1968-05-01,586,67652000.0,,96000.0,2032000.0,BLS monthly series
587,1968-06-01,587,67905000.0,,253000.0,2155000.0,BLS monthly series
588,1968-07-01,588,68126000.0,,221000.0,2238000.0,BLS monthly series
589,1968-08-01,589,68330000.0,,204000.0,2187000.0,BLS monthly series
590,1968-09-01,590,68484000.0,,154000.0,2320000.0,BLS monthly series
591,1968-10-01,591,68721000.0,,237000.0,2496000.0,BLS monthly series
592,1968-11-01,592,68984000.0,,263000.0,2281000.0,BLS monthly series
593,1968-12-01,593,69248000.0,,264000.0,2348000.0,BLS monthly series
594,1969-01-01,594,69439000.0,,191000.0,2635000.0,BLS monthly series
595,1969-02-01,595,69699000.0,,260000.0,2484000.0,BLS monthly series
596,1969-03-01,596,69905000.0,,206000.0,2610000.0,BLS monthly series
597,1969-04-01,597,70072000.0,,167000.0,2516000.0,BLS monthly series
598,1969-05-01,598,70328000.0,,256000.0,2676000.0,BLS monthly series
599,1969-06-01,599,70636000.0,,308000.0,2731000.0,BLS monthly series
600,1969-07-01,600,70729000.0,,93000.0,2603000.0,BLS monthly series
601,1969-08-01,601,71008000.0,,279000.0,2678000.0,BLS monthly series
602,1969-09-01,602,70914000.0,,-94000.0,2430000.0,BLS monthly series
603,1969-10-01,603,71121000.0,,207000.0,2400000.0,BLS monthly series
604,1969-11-01,604,71086000.0,,-35000.0,2102000.0,BLS monthly series
605,1969-12-01,605,71241000.0,,155000.0,1993000.0,BLS monthly series
606,1970-01-01,606,71176000.0,,-65000.0,1737000.0,BLS monthly series
607,1970-02-01,607,71305000.0,,129000.0,1606000.0,BLS monthly series
608,1970-03-01,608,71451000.0,,146000.0,1546000.0,BLS monthly series
609,1970-04-01,609,71348000.0,,-103000.0,1276000.0,BLS monthly series
610,1970-05-01,610,71124000.0,,-224000.0,796000.0,BLS monthly series
611,1970-06-01,611,71029000.0,,-95000.0,393000.0,BLS monthly series
612,1970-07-01,612,71053000.0,,24000.0,324000.0,BLS monthly series
613,1970-08-01,613,70937000.0,,-116000.0,-71000.0,BLS monthly series
614,1970-09-01,614,70944000.0,,7000.0,30000.0,BLS monthly series
615,1970-10-01,615,70521000.0,,-423000.0,-600000.0,BLS monthly series
616,1970-11-01,616,70409000.0,,-112000.0,-677000.0,BLS monthly series
617,1970-12-01,617,70792000.0,,383000.0,-449000.0,BLS monthly series
618,1971-01-01,618,70865000.0,,73000.0,-311000.0,BLS monthly series
619,1971-02-01,619,70807000.0,,-58000.0,-498000.0,BLS monthly series
620,1971-03-01,620,70860000.0,,53000.0,-591000.0,BLS monthly series
621,1971-04-01,621,71036000.0,,176000.0,-312000.0,BLS monthly series
622,1971-05-01,622,71247000.0,,211000.0,123000.0,BLS monthly series
623,1971-06-01,623,71254000.0,,7000.0,225000.0,BLS monthly series
624,1971-07-01,624,71315000.0,,61000.0,262000.0,BLS monthly series
625,1971-08-01,625,71373000.0,,58000.0,436000.0,BLS monthly series
626,1971-09-01,626,71614000.0,,241000.0,670000.0,BLS monthly series
627,1971-10-01,627,71642000.0,,28000.0,1121000.0,BLS monthly series
628,1971-11-01,628,71847000.0,,205000.0,1438000.0,BLS monthly series
629,1971-12-01,629,72109000.0,,262000.0,1317000.0,BLS monthly series
630,1972-01-01,630,72441000.0,,332000.0,1576000.0,BLS monthly series
631,1972-02-01,631,72648000.0,,207000.0,1841000.0,BLS monthly series
632,1972-03-01,632,72944000.0,,296000.0,2084000.0,BLS monthly series
633,1972-04-01,633,73162000.0,,218000.0,2126000.0,BLS monthly series
634,1972-05-01,634,73469000.0,,307000.0,2222000.0,BLS monthly series
635,1972-06-01,635,73758000.0,,289000.0,2504000.0,BLS monthly series
636,1972-07-01,636,73709000.0,,-49000.0,2394000.0,BLS monthly series
637,1972-08-01,637,74141000.0,,432000.0,2768000.0,BLS monthly series
638,1972-09-01,638,74264000.0,,123000.0,2650000.0,BLS monthly series
639,1972-10-01,639,74674000.0,,410000.0,3032000.0,BLS monthly series
640,1972-11-01,640,74973000.0,,299000.0,3126000.0,BLS monthly series
641,1972-12-01,641,75268000.0,,295000.0,3159000.0,BLS monthly series
642,1973-01-01,642,75617000.0,,349000.0,3176000.0,BLS monthly series
643,1973-02-01,643,76014000.0,,397000.0,3366000.0,BLS monthly series
644,1973-03-01,644,76284000.0,,270000.0,3340000.0,BLS monthly series
645,1973-04-01,645,76455000.0,,171000.0,3293000.0,BLS monthly series
646,1973-05-01,646,76648000.0,,193000.0,3179000.0,BLS monthly series
647,1973-06-01,647,76887000.0,,239000.0,3129000.0,BLS monthly series
648,1973-07-01,648,76913000.0,,26000.0,3204000.0,BLS monthly series
649,1973-08-01,649,77168000.0,,255000.0,3027000.0,BLS monthly series
650,1973-09-01,650,77276000.0,,108000.0,3012000.0,BLS monthly series
651,1973-10-01,651,77607000.0,,331000.0,2933000.0,BLS monthly series
652,1973-11-01,652,77920000.0,,313000.0,2947000.0,BLS monthly series
653,1973-12-01,653,78031000.0,,111000.0,2763000.0,BLS monthly series
654,1974-01-01,654,78100000.0,,69000.0,2483000.0,BLS monthly series
655,1974-02-01,655,78254000.0,,154000.0,2240000.0,BLS monthly series
656,1974-03-01,656,78296000.0,,42000.0,2012000.0,BLS monthly series
657,1974-04-01,657,78382000.0,,86000.0,1927000.0,BLS monthly series
658,1974-05-01,658,78549000.0,,167000.0,1901000.0,BLS monthly series
659,1974-06-01,659,78604000.0,,55000.0,1717000.0,BLS monthly series
660,1974-07-01,660,78636000.0,,32000.0,1723000.0,BLS monthly series
661,1974-08-01,661,78619000.0,,-17000.0,1451000.0,BLS monthly series
662,1974-09-01,662,78610000.0,,-9000.0,1334000.0,BLS monthly series
663,1974-10-01,663,78630000.0,,20000.0,1023000.0,BLS monthly series
664,1974-11-01,664,78265000.0,,-365000.0,345000.0,BLS monthly series
665,1974-12-01,665,77652000.0,,-613000.0,-379000.0,BLS monthly series
666,1975-01-01,666,77293000.0,,-359000.0,-807000.0,BLS monthly series
667,1975-02-01,667,76918000.0,,-375000.0,-1336000.0,BLS monthly series
668,1975-03-01,668,76648000.0,,-270000.0,-1648000.0,BLS monthly series
669,1975-04-01,669,76460000.0,,-188000.0,-1922000.0,BLS monthly series
670,1975-05-01,670,76624000.0,,164000.0,-1925000.0,BLS monthly series
671,1975-06-01,671,76521000.0,,-103000.0,-2083000.0,BLS monthly series
672,1975-07-01,672,76770000.0,,249000.0,-1866000.0,BLS monthly series
673,1975-08-01,673,77153000.0,,383000.0,-1466000.0,BLS monthly series
674,1975-09-01,674,77228000.0,,75000.0,-1382000.0,BLS monthly series
675,1975-10-01,675,77540000.0,,312000.0,-1090000.0,BLS monthly series
676,1975-11-01,676,77685000.0,,145000.0,-580000.0,BLS monthly series
677,1975-12-01,677,78017000.0,,332000.0,365000.0,BLS monthly series
678,1976-01-01,678,78503000.0,,486000.0,1210000.0,BLS monthly series
679,1976-02-01,679,78816000.0,,313000.0,1898000.0,BLS monthly series
680,1976-03-01,680,79048000.0,,232000.0,2400000.0,BLS monthly series
681,1976-04-01,681,79292000.0,,244000.0,2832000.0,BLS monthly series
682,1976-05-01,682,79312000.0,,20000.0,2688000.0,BLS monthly series
683,1976-06-01,683,79376000.0,,64000.0,2855000.0,BLS monthly series
684,1976-07-01,684,79547000.0,,171000.0,2777000.0,BLS monthly series
685,1976-08-01,685,79704000.0,,157000.0,2551000.0,BLS monthly series
686,1976-09-01,686,79892000.0,,188000.0,2664000.0,BLS monthly series
687,1976-10-01,687,79911000.0,,19000.0,2371000.0,BLS monthly series
688,1976-11-01,688,80240000.0,,329000.0,2555000.0,BLS monthly series
689,1976-12-01,689,80448000.0,,208000.0,2431000.0,BLS monthly series
690,1977-01-01,690,80690000.0,,242000.0,2187000.0,BLS monthly series
691,1977-02-01,691,80988000.0,,298000.0,2172000.0,BLS monthly series
692,1977-03-01,692,81391000.0,,403000.0,2343000.0,BLS monthly series
693,1977-04-01,693,81728000.0,,337000.0,2436000.0,BLS monthly series
694,1977-05-01,694,82088000.0,,360000.0,2776000.0,BLS monthly series
695,1977-06-01,695,82488000.0,,400000.0,3112000.0,BLS monthly series
696,1977-07-01,696,82834000.0,,346000.0,3287000.0,BLS monthly series
697,1977-08-01,697,83075000.0,,241000.0,3371000.0,BLS monthly series
698,1977-09-01,698,83532000.0,,457000.0,3640000.0,BLS monthly series
699,1977-10-01,699,83800000.0,,268000.0,3889000.0,BLS monthly series
700,1977-11-01,700,84173000.0,,373000.0,3933000.0,BLS monthly series
701,1977-12-01,701,84410000.0,,237000.0,3962000.0,BLS monthly series
702,1978-01-01,702,84594000.0,,184000.0,3904000.0,BLS monthly series
703,1978-02-01,703,84948000.0,,354000.0,3960000.0,BLS monthly series
704,1978-03-01,704,85460000.0,,512000.0,4069000.0,BLS monthly series
705,1978-04-01,705,86162000.0,,702000.0,4434000.0,BLS monthly series
706,1978-05-01,706,86509000.0,,347000.0,4421000.0,BLS monthly series
707,1978-06-01,707,86950000.0,,441000.0,4462000.0,BLS monthly series
708,1978-07-01,708,87204000.0,,254000.0,4370000.0,BLS monthly series
709,1978-08-01,709,87483000.0,,279000.0,4408000.0,BLS monthly series
710,1978-09-01,710,87621000.0,,138000.0,4089000.0,BLS monthly series
711,1978-10-01,711,87956000.0,,335000.0,4156000.0,BLS monthly series
712,1978-11-01,712,88391000.0,,435000.0,4218000.0,BLS monthly series
713,1978-12-01,713,88671000.0,,280000.0,4261000.0,BLS monthly series
714,1979-01-01,714,88808000.0,,137000.0,4214000.0,BLS monthly series
715,1979-02-01,715,89055000.0,,247000.0,4107000.0,BLS monthly series
716,1979-03-01,716,89479000.0,,424000.0,4019000.0,BLS monthly series
717,1979-04-01,717,89417000.0,,-62000.0,3255000.0,BLS monthly series
718,1979-05-01,718,89789000.0,,372000.0,3280000.0,BLS monthly series
719,1979-06-01,719,90108000.0,,319000.0,3158000.0,BLS monthly series
720,1979-07-01,720,90217000.0,,109000.0,3013000.0,BLS monthly series
721,1979-08-01,721,90300000.0,,83000.0,2817000.0,BLS monthly series
722,1979-09-01,722,90327000.0,,27000.0,2706000.0,BLS monthly series
723,1979-10-01,723,90481000.0,,154000.0,2525000.0,BLS monthly series
724,1979-11-01,724,90573000.0,,92000.0,2182000.0,BLS monthly series
725,1979-12-01,725,90672000.0,,99000.0,2001000.0,BLS monthly series
726,1980-01-01,726,90800000.0,,128000.0,1992000.0,BLS monthly series
727,1980-02-01,727,90883000.0,,83000.0,1828000.0,BLS monthly series
728,1980-03-01,728,90994000.0,,111000.0,1515000.0,BLS monthly series
729,1980-04-01,729,90849000.0,,-145000.0,1432000.0,BLS monthly series
730,1980-05-01,730,90420000.0,,-429000.0,631000.0,BLS monthly series
731,1980-06-01,731,90101000.0,,-319000.0,-7000.0,BLS monthly series
732,1980-07-01,732,89840000.0,,-261000.0,-377000.0,BLS monthly series
733,1980-08-01,733,90099000.0,,259000.0,-201000.0,BLS monthly series
734,1980-09-01,734,90213000.0,,114000.0,-114000.0,BLS monthly series
735,1980-10-01,735,90490000.0,,277000.0,9000.0,BLS monthly series
736,1980-11-01,736,90747000.0,,257000.0,174000.0,BLS monthly series
737,1980-12-01,737,90943000.0,,196000.0,271000.0,BLS monthly series
738,1981-01-01,738,91033000.0,,90000.0,233000.0,BLS monthly series
739,1981-02-01,739,91105000.0,,72000.0,222000.0,BLS monthly series
740,1981-03-01,740,91210000.0,,105000.0,216000.0,BLS monthly series
741,1981-04-01,741,91283000.0,,73000.0,434000.0,BLS monthly series
742,1981-05-01,742,91296000.0,,13000.0,876000.0,BLS monthly series
743,1981-06-01,743,91490000.0,,194000.0,1389000.0,BLS monthly series
744,1981-07-01,744,91601000.0,,111000.0,1761000.0,BLS monthly series
745,1981-08-01,745,91565000.0,,-36000.0,1466000.0,BLS monthly series
746,1981-09-01,746,91477000.0,,-88000.0,1264000.0,BLS monthly series
747,1981-10-01,747,91380000.0,,-97000.0,890000.0,BLS monthly series
748,1981-11-01,748,91171000.0,,-209000.0,424000.0,BLS monthly series
749,1981-12-01,749,90895000.0,,-276000.0,-48000.0,BLS monthly series
750,1982-01-01,750,90565000.0,,-330000.0,-468000.0,BLS monthly series
751,1982-02-01,751,90563000.0,,-2000.0,-542000.0,BLS monthly series
752,1982-03-01,752,90434000.0,,-129000.0,-776000.0,BLS monthly series
753,1982-04-01,753,90150000.0,,-284000.0,-1133000.0,BLS monthly series
754,1982-05-01,754,90107000.0,,-43000.0,-1189000.0,BLS monthly series
755,1982-06-01,755,89865000.0,,-242000.0,-1625000.0,BLS monthly series
756,1982-07-01,756,89521000.0,,-344000.0,-2080000.0,BLS monthly series
757,1982-08-01,757,89363000.0,,-158000.0,-2202000.0,BLS monthly series
758,1982-09-01,758,89183000.0,,-180000.0,-2294000.0,BLS monthly series
759,1982-10-01,759,88907000.0,,-276000.0,-2473000.0,BLS monthly series
760,1982-11-01,760,88786000.0,,-121000.0,-2385000.0,BLS monthly series
761,1982-12-01,761,88771000.0,,-15000.0,-2124000.0,BLS monthly series
762,1983-01-01,762,88990000.0,,219000.0,-1575000.0,BLS monthly series
763,1983-02-01,763,88917000.0,,-73000.0,-1646000.0,BLS monthly series
764,1983-03-01,764,89090000.0,,173000.0,-1344000.0,BLS monthly series
765,1983-04-01,765,89364000.0,,274000.0,-786000.0,BLS monthly series
766,1983-05-01,766,89644000.0,,280000.0,-463000.0,BLS monthly series
767,1983-06-01,767,90021000.0,,377000.0,156000.0,BLS monthly series
768,1983-07-01,768,90437000.0,,416000.0,916000.0,BLS monthly series
769,1983-08-01,769,90129000.0,,-308000.0,766000.0,BLS monthly series
770,1983-09-01,770,91247000.0,,1118000.0,2064000.0,BLS monthly series
771,1983-10-01,771,91520000.0,,273000.0,2613000.0,BLS monthly series
772,1983-11-01,772,91875000.0,,355000.0,3089000.0,BLS monthly series
773,1983-12-01,773,92230000.0,,355000.0,3459000.0,BLS monthly series
774,1984-01-01,774,92673000.0,,443000.0,3683000.0,BLS monthly series
775,1984-02-01,775,93157000.0,,484000.0,4240000.0,BLS monthly series
776,1984-03-01,776,93429000.0,,272000.0,4339000.0,BLS monthly series
777,1984-04-01,777,93792000.0,,363000.0,4428000.0,BLS monthly series
778,1984-05-01,778,94098000.0,,306000.0,4454000.0,BLS monthly series
779,1984-06-01,779,94479000.0,,381000.0,4458000.0,BLS monthly series
780,1984-07-01,780,94789000.0,,310000.0,4352000.0,BLS monthly series
781,1984-08-01,781,95032000.0,,243000.0,4903000.0,BLS monthly series
782,1984-09-01,782,95344000.0,,312000.0,4097000.0,BLS monthly series
783,1984-10-01,783,95629000.0,,285000.0,4109000.0,BLS monthly series
784,1984-11-01,784,95982000.0,,353000.0,4107000.0,BLS monthly series
785,1984-12-01,785,96107000.0,,125000.0,3877000.0,BLS monthly series
786,1985-01-01,786,96372000.0,,265000.0,3699000.0,BLS monthly series
787,1985-02-01,787,96503000.0,,131000.0,3346000.0,BLS monthly series
788,1985-03-01,788,96842000.0,,339000.0,3413000.0,BLS monthly series
789,1985-04-01,789,97038000.0,,196000.0,3246000.0,BLS monthly series
790,1985-05-01,790,97312000.0,,274000.0,3214000.0,BLS monthly series
791,1985-06-01,791,97459000.0,,147000.0,2980000.0,BLS monthly series
792,1985-07-01,792,97648000.0,,189000.0,2859000.0,BLS monthly series
793,1985-08-01,793,97840000.0,,192000.0,2808000.0,BLS monthly series
794,1985-09-01,794,98045000.0,,205000.0,2701000.0,BLS monthly series
795,1985-10-01,795,98233000.0,,188000.0,2604000.0,BLS monthly series
796,1985-11-01,796,98443000.0,,210000.0,2461000.0,BLS monthly series
797,1985-12-01,797,98609000.0,,166000.0,2502000.0,BLS monthly series
798,1986-01-01,798,98732000.0,,123000.0,2360000.0,BLS monthly series
799,1986-02-01,799,98847000.0,,115000.0,2344000.0,BLS monthly series
800,1986-03-01,800,98934000.0,,87000.0,2092000.0,BLS monthly series
801,1986-04-01,801,99121000.0,,187000.0,2083000.0,BLS monthly series
802,1986-05-01,802,99248000.0,,127000.0,1936000.0,BLS monthly series
803,1986-06-01,803,99155000.0,,-93000.0,1696000.0,BLS monthly series
804,1986-07-01,804,99473000.0,,318000.0,1825000.0,BLS monthly series
805,1986-08-01,805,99588000.0,,115000.0,1748000.0,BLS monthly series
806,1986-09-01,806,99934000.0,,346000.0,1889000.0,BLS monthly series
807,1986-10-01,807,100121000.0,,187000.0,1888000.0,BLS monthly series
808,1986-11-01,808,100308000.0,,187000.0,1865000.0,BLS monthly series
809,1986-12-01,809,100509000.0,,201000.0,1900000.0,BLS monthly series
810,1987-01-01,810,100678000.0,,169000.0,1946000.0,BLS monthly series
811,1987-02-01,811,100919000.0,,241000.0,2072000.0,BLS monthly series
812,1987-03-01,812,101164000.0,,245000.0,2230000.0,BLS monthly series
813,1987-04-01,813,101499000.0,,335000.0,2378000.0,BLS monthly series
814,1987-05-01,814,101728000.0,,229000.0,2480000.0,BLS monthly series
815,1987-06-01,815,101900000.0,,172000.0,2745000.0,BLS monthly series
816,1987-07-01,816,102247000.0,,347000.0,2774000.0,BLS monthly series
817,1987-08-01,817,102420000.0,,173000.0,2832000.0,BLS monthly series
818,1987-09-01,818,102647000.0,,227000.0,2713000.0,BLS monthly series
819,1987-10-01,819,103138000.0,,491000.0,3017000.0,BLS monthly series
820,1987-11-01,820,103372000.0,,234000.0,3064000.0,BLS monthly series
821,1987-12-01,821,103661000.0,,289000.0,3152000.0,BLS monthly series
822,1988-01-01,822,103753000.0,,92000.0,3075000.0,BLS monthly series
823,1988-02-01,823,104214000.0,,461000.0,3295000.0,BLS monthly series
824,1988-03-01,824,104489000.0,,275000.0,3325000.0,BLS monthly series
825,1988-04-01,825,104732000.0,,243000.0,3233000.0,BLS monthly series
826,1988-05-01,826,104962000.0,,230000.0,3234000.0,BLS monthly series
827,1988-06-01,827,105326000.0,,364000.0,3426000.0,BLS monthly series
828,1988-07-01,828,105550000.0,,224000.0,3303000.0,BLS monthly series
829,1988-08-01,829,105674000.0,,124000.0,3254000.0,BLS monthly series
830,1988-09-01,830,106013000.0,,339000.0,3366000.0,BLS monthly series
831,1988-10-01,831,106276000.0,,263000.0,3138000.0,BLS monthly series
832,1988-11-01,832,106617000.0,,341000.0,3245000.0,BLS monthly series
833,1988-12-01,833,106898000.0,,281000.0,3237000.0,BLS monthly series
834,1989-01-01,834,107161000.0,,263000.0,3408000.0,BLS monthly series
835,1989-02-01,835,107427000.0,,266000.0,3213000.0,BLS monthly series
836,1989-03-01,836,107621000.0,,194000.0,3132000.0,BLS monthly series
837,1989-04-01,837,107791000.0,,170000.0,3059000.0,BLS monthly series
838,1989-05-01,838,107913000.0,,122000.0,2951000.0,BLS monthly series
839,1989-06-01,839,108027000.0,,114000.0,2701000.0,BLS monthly series
840,1989-07-01,840,108069000.0,,42000.0,2519000.0,BLS monthly series
841,1989-08-01,841,108120000.0,,51000.0,2446000.0,BLS monthly series
842,1989-09-01,842,108369000.0,,249000.0,2356000.0,BLS monthly series
843,1989-10-01,843,108476000.0,,107000.0,2200000.0,BLS monthly series
844,1989-11-01,844,108752000.0,,276000.0,2135000.0,BLS monthly series
845,1989-12-01,845,108836000.0,,84000.0,1938000.0,BLS monthly series
846,1990-01-01,846,109189000.0,,353000.0,2028000.0,BLS monthly series
847,1990-02-01,847,109432000.0,,243000.0,2005000.0,BLS monthly series
848,1990-03-01,848,109637000.0,,205000.0,2016000.0,BLS monthly series
849,1990-04-01,849,109671000.0,,34000.0,1880000.0,BLS monthly series
850,1990-05-01,850,109834000.0,,163000.0,1921000.0,BLS monthly series
851,1990-06-01,851,109857000.0,,23000.0,1830000.0,BLS monthly series
852,1990-07-01,852,109822000.0,,-35000.0,1753000.0,BLS monthly series
853,1990-08-01,853,109610000.0,,-212000.0,1490000.0,BLS monthly series
854,1990-09-01,854,109520000.0,,-90000.0,1151000.0,BLS monthly series
855,1990-10-01,855,109374000.0,,-146000.0,898000.0,BLS monthly series
856,1990-11-01,856,109220000.0,,-154000.0,468000.0,BLS monthly series
857,1990-12-01,857,109168000.0,,-52000.0,332000.0,BLS monthly series
858,1991-01-01,858,109051000.0,,-117000.0,-138000.0,BLS monthly series
859,1991-02-01,859,108731000.0,,-320000.0,-701000.0,BLS monthly series
860,1991-03-01,860,108569000.0,,-162000.0,-1068000.0,BLS monthly series
861,1991-04-01,861,108352000.0,,-217000.0,-1319000.0,BLS monthly series
862,1991-05-01,862,108250000.0,,-102000.0,-1584000.0,BLS monthly series
863,1991-06-01,863,108338000.0,,88000.0,-1519000.0,BLS monthly series
864,1991-07-01,864,108290000.0,,-48000.0,-1532000.0,BLS monthly series
865,1991-08-01,865,108302000.0,,12000.0,-1308000.0,BLS monthly series
866,1991-09-01,866,108333000.0,,31000.0,-1187000.0,BLS monthly series
867,1991-10-01,867,108362000.0,,29000.0,-1012000.0,BLS monthly series
868,1991-11-01,868,108300000.0,,-62000.0,-920000.0,BLS monthly series
869,1991-12-01,869,108330000.0,,30000.0,-838000.0,BLS monthly series
870,1992-01-01,870,108367000.0,,37000.0,-684000.0,BLS monthly series
871,1992-02-01,871,108312000.0,,-55000.0,-419000.0,BLS monthly series
872,1992-03-01,872,108361000.0,,49000.0,-208000.0,BLS monthly series
873,1992-04-01,873,108515000.0,,154000.0,163000.0,BLS monthly series
874,1992-05-01,874,108648000.0,,133000.0,398000.0,BLS monthly series
875,1992-06-01,875,108717000.0,,69000.0,379000.0,BLS monthly series
876,1992-07-01,876,108799000.0,,82000.0,509000.0,BLS monthly series
877,1992-08-01,877,108923000.0,,124000.0,621000.0,BLS monthly series
878,1992-09-01,878,108954000.0,,31000.0,621000.0,BLS monthly series
879,1992-10-01,879,109135000.0,,181000.0,773000.0,BLS monthly series
880,1992-11-01,880,109280000.0,,145000.0,980000.0,BLS monthly series
881,1992-12-01,881,109500000.0,,220000.0,1170000.0,BLS monthly series
882,1993-01-01,882,109795000.0,,295000.0,1428000.0,BLS monthly series
883,1993-02-01,883,110044000.0,,249000.0,1732000.0,BLS monthly series
884,1993-03-01,884,109992000.0,,-52000.0,1631000.0,BLS monthly series
885,1993-04-01,885,110295000.0,,303000.0,1780000.0,BLS monthly series
886,1993-05-01,886,110570000.0,,275000.0,1922000.0,BLS monthly series
887,1993-06-01,887,110751000.0,,181000.0,2034000.0,BLS monthly series
888,1993-07-01,888,111060000.0,,309000.0,2261000.0,BLS monthly series
889,1993-08-01,889,111209000.0,,149000.0,2286000.0,BLS monthly series
890,1993-09-01,890,111454000.0,,245000.0,2500000.0,BLS monthly series
891,1993-10-01,891,111734000.0,,280000.0,2599000.0,BLS monthly series
892,1993-11-01,892,111990000.0,,256000.0,2710000.0,BLS monthly series
893,1993-12-01,893,112324000.0,,334000.0,2824000.0,BLS monthly series
894,1994-01-01,894,112598000.0,,274000.0,2803000.0,BLS monthly series
895,1994-02-01,895,112779000.0,,181000.0,2735000.0,BLS monthly series
896,1994-03-01,896,113240000.0,,461000.0,3248000.0,BLS monthly series
897,1994-04-01,897,113587000.0,,347000.0,3292000.0,BLS monthly series
898,1994-05-01,898,113923000.0,,336000.0,3353000.0,BLS monthly series
899,1994-06-01,899,114237000.0,,314000.0,3486000.0,BLS monthly series
900,1994-07-01,900,114607000.0,,370000.0,3547000.0,BLS monthly series
901,1994-08-01,901,114899000.0,,292000.0,3690000.0,BLS monthly series
902,1994-09-01,902,115253000.0,,354000.0,3799000.0,BLS monthly series
903,1994-10-01,903,115458000.0,,205000.0,3724000.0,BLS monthly series
904,1994-11-01,904,115873000.0,,415000.0,3883000.0,BLS monthly series
905,1994-12-01,905,116176000.0,,303000.0,3852000.0,BLS monthly series
906,1995-01-01,906,116504000.0,,328000.0,3906000.0,BLS monthly series
907,1995-02-01,907,116693000.0,,189000.0,3914000.0,BLS monthly series
908,1995-03-01,908,116907000.0,,214000.0,3667000.0,BLS monthly series
909,1995-04-01,909,117065000.0,,158000.0,3478000.0,BLS monthly series
910,1995-05-01,910,117050000.0,,-15000.0,3127000.0,BLS monthly series
911,1995-06-01,911,117286000.0,,236000.0,3049000.0,BLS monthly series
912,1995-07-01,912,117377000.0,,91000.0,2770000.0,BLS monthly series
913,1995-08-01,913,117639000.0,,262000.0,2740000.0,BLS monthly series
914,1995-09-01,914,117880000.0,,241000.0,2627000.0,BLS monthly series
915,1995-10-01,915,118029000.0,,149000.0,2571000.0,BLS monthly series
916,1995-11-01,916,118168000.0,,139000.0,2295000.0,BLS monthly series
917,1995-12-01,917,118325000.0,,157000.0,2149000.0,BLS monthly series
918,1996-01-01,918,118318000.0,,-7000.0,1814000.0,BLS monthly series
919,1996-02-01,919,118734000.0,,416000.0,2041000.0,BLS monthly series
920,1996-03-01,920,118990000.0,,256000.0,2083000.0,BLS monthly series
921,1996-04-01,921,119156000.0,,166000.0,2091000.0,BLS monthly series
922,1996-05-01,922,119489000.0,,333000.0,2439000.0,BLS monthly series
923,1996-06-01,923,119770000.0,,281000.0,2484000.0,BLS monthly series
924,1996-07-01,924,120016000.0,,246000.0,2639000.0,BLS monthly series
925,1996-08-01,925,120201000.0,,185000.0,2562000.0,BLS monthly series
926,1996-09-01,926,120402000.0,,201000.0,2522000.0,BLS monthly series
927,1996-10-01,927,120663000.0,,261000.0,2634000.0,BLS monthly series
928,1996-11-01,928,120949000.0,,286000.0,2781000.0,BLS monthly series
929,1996-12-01,929,121145000.0,,196000.0,2820000.0,BLS monthly series
930,1997-01-01,930,121363000.0,,218000.0,3045000.0,BLS monthly series
931,1997-02-01,931,121675000.0,,312000.0,2941000.0,BLS monthly series
932,1997-03-01,932,121989000.0,,314000.0,2999000.0,BLS monthly series
933,1997-04-01,933,122284000.0,,295000.0,3128000.0,BLS monthly series
934,1997-05-01,934,122551000.0,,267000.0,3062000.0,BLS monthly series
935,1997-06-01,935,122816000.0,,265000.0,3046000.0,BLS monthly series
936,1997-07-01,936,123112000.0,,296000.0,3096000.0,BLS monthly series
937,1997-08-01,937,123092000.0,,-20000.0,2891000.0,BLS monthly series
938,1997-09-01,938,123577000.0,,485000.0,3175000.0,BLS monthly series
939,1997-10-01,939,123923000.0,,346000.0,3260000.0,BLS monthly series
940,1997-11-01,940,124230000.0,,307000.0,3281000.0,BLS monthly series
941,1997-12-01,941,124551000.0,,321000.0,3406000.0,BLS monthly series
942,1998-01-01,942,124813000.0,,262000.0,3450000.0,BLS monthly series
943,1998-02-01,943,125018000.0,,205000.0,3343000.0,BLS monthly series
944,1998-03-01,944,125164000.0,,146000.0,3175000.0,BLS monthly series
945,1998-04-01,945,125445000.0,,281000.0,3161000.0,BLS monthly series
946,1998-05-01,946,125846000.0,,401000.0,3295000.0,BLS monthly series
947,1998-06-01,947,126077000.0,,231000.0,3261000.0,BLS monthly series
948,1998-07-01,948,126209000.0,,132000.0,3097000.0,BLS monthly series
949,1998-08-01,949,126547000.0,,338000.0,3455000.0,BLS monthly series
950,1998-09-01,950,126745000.0,,198000.0,3168000.0,BLS monthly series
951,1998-10-01,951,126950000.0,,205000.0,3027000.0,BLS monthly series
952,1998-11-01,952,127225000.0,,275000.0,2995000.0,BLS monthly series
953,1998-12-01,953,127598000.0,,373000.0,3047000.0,BLS monthly series
954,1999-01-01,954,127704000.0,,106000.0,2891000.0,BLS monthly series
955,1999-02-01,955,128118000.0,,414000.0,3100000.0,BLS monthly series
956,1999-03-01,956,128233000.0,,115000.0,3069000.0,BLS monthly series
957,1999-04-01,957,128595000.0,,362000.0,3150000.0,BLS monthly series
958,1999-05-01,958,128810000.0,,215000.0,2964000.0,BLS monthly series
959,1999-06-01,959,129088000.0,,278000.0,3011000.0,BLS monthly series
960,1999-07-01,960,129423000.0,,335000.0,3214000.0,BLS monthly series
961,1999-08-01,961,129569000.0,,146000.0,3022000.0,BLS monthly series
962,1999-09-01,962,129781000.0,,212000.0,3036000.0,BLS monthly series
963,1999-10-01,963,130179000.0,,398000.0,3229000.0,BLS monthly series
964,1999-11-01,964,130467000.0,,288000.0,3242000.0,BLS monthly series
965,1999-12-01,965,130781000.0,,314000.0,3183000.0,BLS monthly series
966,2000-01-01,966,131009000.0,,228000.0,3305000.0,BLS monthly series
967,2000-02-01,967,131120000.0,,111000.0,3002000.0,BLS monthly series
968,2000-03-01,968,131604000.0,,484000.0,3371000.0,BLS monthly series
969,2000-04-01,969,131883000.0,,279000.0,3288000.0,BLS monthly series
970,2000-05-01,970,132106000.0,,223000.0,3296000.0,BLS monthly series
971,2000-06-01,971,132060000.0,,-46000.0,2972000.0,BLS monthly series
972,2000-07-01,972,132228000.0,,168000.0,2805000.0,BLS monthly series
973,2000-08-01,973,132231000.0,,3000.0,2662000.0,BLS monthly series
974,2000-09-01,974,132357000.0,,126000.0,2576000.0,BLS monthly series
975,2000-10-01,975,132352000.0,,-5000.0,2173000.0,BLS monthly series
976,2000-11-01,976,132553000.0,,201000.0,2086000.0,BLS monthly series
977,2000-12-01,977,132718000.0,,165000.0,1937000.0,BLS monthly series
978,2001-01-01,978,132699000.0,,-19000.0,1690000.0,BLS monthly series
979,2001-02-01,979,132786000.0,,87000.0,1666000.0,BLS monthly series
980,2001-03-01,980,132751000.0,,-35000.0,1147000.0,BLS monthly series
981,2001-04-01,981,132455000.0,,-296000.0,572000.0,BLS monthly series
982,2001-05-01,982,132411000.0,,-44000.0,305000.0,BLS monthly series
983,2001-06-01,983,132296000.0,,-115000.0,236000.0,BLS monthly series
984,2001-07-01,984,132173000.0,,-123000.0,-55000.0,BLS monthly series
985,2001-08-01,985,132024000.0,,-149000.0,-207000.0,BLS monthly series
986,2001-09-01,986,131765000.0,,-259000.0,-592000.0,BLS monthly series
987,2001-10-01,987,131452000.0,,-313000.0,-900000.0,BLS monthly series
988,2001-11-01,988,131141000.0,,-311000.0,-1412000.0,BLS monthly series
989,2001-12-01,989,130984000.0,,-157000.0,-1734000.0,BLS monthly series
990,2002-01-01,990,130853000.0,,-131000.0,-1846000.0,BLS monthly series
991,2002-02-01,991,130732000.0,,-121000.0,-2054000.0,BLS monthly series
992,2002-03-01,992,130720000.0,,-12000.0,-2031000.0,BLS monthly series
993,2002-04-01,993,130616000.0,,-104000.0,-1839000.0,BLS monthly series
994,2002-05-01,994,130632000.0,,16000.0,-1779000.0,BLS monthly series
995,2002-06-01,995,130682000.0,,50000.0,-1614000.0,BLS monthly series
996,2002-07-01,996,130585000.0,,-97000.0,-1588000.0,BLS monthly series
997,2002-08-01,997,130587000.0,,2000.0,-1437000.0,BLS monthly series
998,2002-09-01,998,130498000.0,,-89000.0,-1267000.0,BLS monthly series
999,2002-10-01,999,130621000.0,,123000.0,-831000.0,BLS monthly series
1000,2002-11-01,1000,130617000.0,,-4000.0,-524000.0,BLS monthly series
1001,2002-12-01,1001,130469000.0,,-148000.0,-515000.0,BLS monthly series
1002,2003-01-01,1002,130580000.0,,111000.0,-273000.0,BLS monthly series
1003,2003-02-01,1003,130443000.0,,-137000.0,-289000.0,BLS monthly series
1004,2003-03-01,1004,130232000.0,,-211000.0,-488000.0,BLS monthly series
1005,2003-04-01,1005,130176000.0,,-56000.0,-440000.0,BLS monthly series
1006,2003-05-01,1006,130196000.0,,20000.0,-436000.0,BLS monthly series
1007,2003-06-01,1007,130192000.0,,-4000.0,-490000.0,BLS monthly series
1008,2003-07-01,1008,130184000.0,,-8000.0,-401000.0,BLS monthly series
1009,2003-08-01,1009,130153000.0,,-31000.0,-434000.0,BLS monthly series
1010,2003-09-01,1010,130252000.0,,99000.0,-246000.0,BLS monthly series
1011,2003-10-01,1011,130439000.0,,187000.0,-182000.0,BLS monthly series
1012,2003-11-01,1012,130482000.0,,43000.0,-135000.0,BLS monthly series
1013,2003-12-01,1013,130594000.0,,112000.0,125000.0,BLS monthly series
1014,2004-01-01,1014,130766000.0,,172000.0,186000.0,BLS monthly series
1015,2004-02-01,1015,130822000.0,,56000.0,379000.0,BLS monthly series
1016,2004-03-01,1016,131139000.0,,317000.0,907000.0,BLS monthly series
1017,2004-04-01,1017,131409000.0,,270000.0,1233000.0,BLS monthly series
1018,2004-05-01,1018,131693000.0,,284000.0,1497000.0,BLS monthly series
1019,2004-06-01,1019,131789000.0,,96000.0,1597000.0,BLS monthly series
1020,2004-07-01,1020,131850000.0,,61000.0,1666000.0,BLS monthly series
1021,2004-08-01,1021,131936000.0,,86000.0,1783000.0,BLS monthly series
1022,2004-09-01,1022,132083000.0,,147000.0,1831000.0,BLS monthly series
1023,2004-10-01,1023,132435000.0,,352000.0,1996000.0,BLS monthly series
1024,2004-11-01,1024,132509000.0,,74000.0,2027000.0,BLS monthly series
1025,2004-12-01,1025,132633000.0,,124000.0,2039000.0,BLS monthly series
1026,2005-01-01,1026,132779000.0,,146000.0,2013000.0,BLS monthly series
1027,2005-02-01,1027,133033000.0,,254000.0,2211000.0,BLS monthly series
1028,2005-03-01,1028,133154000.0,,121000.0,2015000.0,BLS monthly series
1029,2005-04-01,1029,133515000.0,,361000.0,2106000.0,BLS monthly series
1030,2005-05-01,1030,133687000.0,,172000.0,1994000.0,BLS monthly series
1031,2005-06-01,1031,133939000.0,,252000.0,2150000.0,BLS monthly series
1032,2005-07-01,1032,134297000.0,,358000.0,2447000.0,BLS monthly series
1033,2005-08-01,1033,134495000.0,,198000.0,2559000.0,BLS monthly series
1034,2005-09-01,1034,134552000.0,,57000.0,2469000.0,BLS monthly series
1035,2005-10-01,1035,134646000.0,,94000.0,2211000.0,BLS monthly series
1036,2005-11-01,1036,135001000.0,,355000.0,2492000.0,BLS monthly series
1037,2005-12-01,1037,135160000.0,,159000.0,2527000.0,BLS monthly series
1038,2006-01-01,1038,135425000.0,,265000.0,2646000.0,BLS monthly series
1039,2006-02-01,1039,135732000.0,,307000.0,2699000.0,BLS monthly series
1040,2006-03-01,1040,136041000.0,,309000.0,2887000.0,BLS monthly series
1041,2006-04-01,1041,136210000.0,,169000.0,2695000.0,BLS monthly series
1042,2006-05-01,1042,136247000.0,,37000.0,2560000.0,BLS monthly series
1043,2006-06-01,1043,136328000.0,,81000.0,2389000.0,BLS monthly series
1044,2006-07-01,1044,136522000.0,,194000.0,2225000.0,BLS monthly series
1045,2006-08-01,1045,136688000.0,,166000.0,2193000.0,BLS monthly series
1046,2006-09-01,1046,136825000.0,,137000.0,2273000.0,BLS monthly series
1047,2006-10-01,1047,136849000.0,,24000.0,2203000.0,BLS monthly series
1048,2006-11-01,1048,137068000.0,,219000.0,2067000.0,BLS monthly series
1049,2006-12-01,1049,137251000.0,,183000.0,2091000.0,BLS monthly series
1050,2007-01-01,1050,137475000.0,,224000.0,2050000.0,BLS monthly series
1051,2007-02-01,1051,137556000.0,,81000.0,1824000.0,BLS monthly series
1052,2007-03-01,1052,137782000.0,,226000.0,1741000.0,BLS monthly series
1053,2007-04-01,1053,137842000.0,,60000.0,1632000.0,BLS monthly series
1054,2007-05-01,1054,137993000.0,,151000.0,1746000.0,BLS monthly series
1055,2007-06-01,1055,138072000.0,,79000.0,1744000.0,BLS monthly series
1056,2007-07-01,1056,138042000.0,,-30000.0,1520000.0,BLS monthly series
1057,2007-08-01,1057,138017000.0,,-25000.0,1329000.0,BLS monthly series
1058,2007-09-01,1058,138103000.0,,86000.0,1278000.0,BLS monthly series
1059,2007-10-01,1059,138175000.0,,72000.0,1326000.0,BLS monthly series
1060,2007-11-01,1060,138291000.0,,116000.0,1223000.0,BLS monthly series
1061,2007-12-01,1061,138396000.0,,105000.0,1145000.0,BLS monthly series
1062,2008-01-01,1062,138397000.0,,1000.0,922000.0,BLS monthly series
1063,2008-02-01,1063,138326000.0,,-71000.0,770000.0,BLS monthly series
1064,2008-03-01,1064,138256000.0,,-70000.0,474000.0,BLS monthly series
1065,2008-04-01,1065,138037000.0,,-219000.0,195000.0,BLS monthly series
1066,2008-05-01,1066,137847000.0,,-190000.0,-146000.0,BLS monthly series
1067,2008-06-01,1067,137689000.0,,-158000.0,-383000.0,BLS monthly series
1068,2008-07-01,1068,137492000.0,,-197000.0,-550000.0,BLS monthly series
1069,2008-08-01,1069,137209000.0,,-283000.0,-808000.0,BLS monthly series
1070,2008-09-01,1070,136759000.0,,-450000.0,-1344000.0,BLS monthly series
1071,2008-10-01,1071,136294000.0,,-465000.0,-1881000.0,BLS monthly series
1072,2008-11-01,1072,135546000.0,,-748000.0,-2745000.0,BLS monthly series
1073,2008-12-01,1073,134848000.0,,-698000.0,-3548000.0,BLS monthly series
1074,2009-01-01,1074,134066000.0,,-782000.0,-4331000.0,BLS monthly series
1075,2009-02-01,1075,133314000.0,,-752000.0,-5012000.0,BLS monthly series
1076,2009-03-01,1076,132494000.0,,-820000.0,-5762000.0,BLS monthly series
1077,2009-04-01,1077,131825000.0,,-669000.0,-6212000.0,BLS monthly series
1078,2009-05-01,1078,131470000.0,,-355000.0,-6377000.0,BLS monthly series
1079,2009-06-01,1079,131003000.0,,-467000.0,-6686000.0,BLS monthly series
1080,2009-07-01,1080,130661000.0,,-342000.0,-6831000.0,BLS monthly series
1081,2009-08-01,1081,130480000.0,,-181000.0,-6729000.0,BLS monthly series
1082,2009-09-01,1082,130241000.0,,-239000.0,-6518000.0,BLS monthly series
1083,2009-10-01,1083,130061000.0,,-180000.0,-6233000.0,BLS monthly series
1084,2009-11-01,1084,130059000.0,,-2000.0,-5487000.0,BLS monthly series
1085,2009-12-01,1085,129807000.0,,-252000.0,-5041000.0,BLS monthly series
1086,2010-01-01,1086,129795000.0,,-12000.0,-4271000.0,BLS monthly series
1087,2010-02-01,1087,129702000.0,,-93000.0,-3612000.0,BLS monthly series
1088,2010-03-01,1088,129865000.0,,163000.0,-2629000.0,BLS monthly series
1089,2010-04-01,1089,130115000.0,,250000.0,-1710000.0,BLS monthly series
1090,2010-05-01,1090,130645000.0,,530000.0,-825000.0,BLS monthly series
1091,2010-06-01,1091,130501000.0,,-144000.0,-502000.0,BLS monthly series
1092,2010-07-01,1092,130420000.0,,-81000.0,-241000.0,BLS monthly series
1093,2010-08-01,1093,130423000.0,,3000.0,-57000.0,BLS monthly series
1094,2010-09-01,1094,130340000.0,,-83000.0,99000.0,BLS monthly series
1095,2010-10-01,1095,130620000.0,,280000.0,559000.0,BLS monthly series
1096,2010-11-01,1096,130754000.0,,134000.0,695000.0,BLS monthly series
1097,2010-12-01,1097,130836000.0,,82000.0,1029000.0,BLS monthly series
1098,2011-01-01,1098,130839000.0,,3000.0,1044000.0,BLS monthly series
1099,2011-02-01,1099,131054000.0,,215000.0,1352000.0,BLS monthly series
1100,2011-03-01,1100,131278000.0,,224000.0,1413000.0,BLS monthly series
1101,2011-04-01,1101,131604000.0,,326000.0,1489000.0,BLS monthly series
1102,2011-05-01,1102,131704000.0,,100000.0,1059000.0,BLS monthly series
1103,2011-06-01,1103,131936000.0,,232000.0,1435000.0,BLS monthly series
1104,2011-07-01,1104,131992000.0,,56000.0,1572000.0,BLS monthly series
1105,2011-08-01,1105,132123000.0,,131000.0,1700000.0,BLS monthly series
1106,2011-09-01,1106,132346000.0,,223000.0,2006000.0,BLS monthly series
1107,2011-10-01,1107,132557000.0,,211000.0,1937000.0,BLS monthly series
1108,2011-11-01,1108,132701000.0,,144000.0,1947000.0,BLS monthly series
1109,2011-12-01,1109,132902000.0,,201000.0,2066000.0,BLS monthly series
1110,2012-01-01,1110,133243000.0,,341000.0,2404000.0,BLS monthly series
1111,2012-02-01,1111,133521000.0,,278000.0,2467000.0,BLS monthly series
1112,2012-03-01,1112,133745000.0,,224000.0,2467000.0,BLS monthly series
1113,2012-04-01,1113,133828000.0,,83000.0,2224000.0,BLS monthly series
1114,2012-05-01,1114,133935000.0,,107000.0,2231000.0,BLS monthly series
1115,2012-06-01,1115,134008000.0,,73000.0,2072000.0,BLS monthly series
1116,2012-07-01,1116,134153000.0,,145000.0,2161000.0,BLS monthly series
1117,2012-08-01,1117,134329000.0,,176000.0,2206000.0,BLS monthly series
1118,2012-09-01,1118,134512000.0,,183000.0,2166000.0,BLS monthly series
1119,2012-10-01,1119,134672000.0,,160000.0,2115000.0,BLS monthly series
1120,2012-11-01,1120,134831000.0,,159000.0,2130000.0,BLS monthly series
1121,2012-12-01,1121,135074000.0,,243000.0,2172000.0,BLS monthly series
1122,2013-01-01,1122,135263000.0,,189000.0,2020000.0,BLS monthly series
1123,2013-02-01,1123,135548000.0,,285000.0,2027000.0,BLS monthly series
1124,2013-03-01,1124,135690000.0,,142000.0,1945000.0,BLS monthly series
1125,2013-04-01,1125,135876000.0,,186000.0,2048000.0,BLS monthly series
1126,2013-05-01,1126,136090000.0,,214000.0,2155000.0,BLS monthly series
1127,2013-06-01,1127,136269000.0,,179000.0,2261000.0,BLS monthly series
1128,2013-07-01,1128,136391000.0,,122000.0,2238000.0,BLS monthly series
1129,2013-08-01,1129,136634000.0,,243000.0,2305000.0,BLS monthly series
1130,2013-09-01,1130,136819000.0,,185000.0,2307000.0,BLS monthly series
1131,2013-10-01,1131,137039000.0,,220000.0,2367000.0,BLS monthly series
1132,2013-11-01,1132,137312000.0,,273000.0,2481000.0,BLS monthly series
1133,2013-12-01,1133,137367000.0,,55000.0,2293000.0,BLS monthly series
1134,2014-01-01,1134,137551000.0,,184000.0,2288000.0,BLS monthly series
1135,2014-02-01,1135,137710000.0,,159000.0,2162000.0,BLS monthly series
1136,2014-03-01,1136,137987000.0,,277000.0,2297000.0,BLS monthly series
1137,2014-04-01,1137,138298000.0,,311000.0,2422000.0,BLS monthly series
1138,2014-05-01,1138,138500000.0,,202000.0,2410000.0,BLS monthly series
1139,2014-06-01,1139,138833000.0,,333000.0,2564000.0,BLS monthly series
1140,2014-07-01,1140,139076000.0,,243000.0,2685000.0,BLS monthly series
1141,2014-08-01,1141,139257000.0,,181000.0,2623000.0,BLS monthly series
1142,2014-09-01,1142,139564000.0,,307000.0,2745000.0,BLS monthly series
1143,2014-10-01,1143,139804000.0,,240000.0,2765000.0,BLS monthly series
1144,2014-11-01,1144,140088000.0,,284000.0,2776000.0,BLS monthly series
1145,2014-12-01,1145,140366000.0,,278000.0,2999000.0,BLS monthly series
1146,2015-01-01,1146,140562000.0,,196000.0,3011000.0,BLS monthly series
1147,2015-02-01,1147,140831000.0,,269000.0,3121000.0,BLS monthly series
1148,2015-03-01,1148,140925000.0,,94000.0,2938000.0,BLS monthly series
1149,2015-04-01,1149,141202000.0,,277000.0,2904000.0,BLS monthly series
1150,2015-05-01,1150,141539000.0,,337000.0,3039000.0,BLS monthly series
1151,2015-06-01,1151,141695000.0,,156000.0,2862000.0,BLS monthly series
1152,2015-07-01,1152,141989000.0,,294000.0,2913000.0,BLS monthly series
1153,2015-08-01,1153,142130000.0,,141000.0,2873000.0,BLS monthly series
1154,2015-09-01,1154,142265000.0,,135000.0,2701000.0,BLS monthly series
1155,2015-10-01,1155,142584000.0,,319000.0,2780000.0,BLS monthly series
1156,2015-11-01,1156,142810000.0,,226000.0,2722000.0,BLS monthly series
1157,2015-12-01,1157,143083000.0,,273000.0,2717000.0,BLS monthly series
1158,2016-01-01,1158,143196000.0,,113000.0,2634000.0,BLS monthly series
1159,2016-02-01,1159,143411000.0,,215000.0,2580000.0,BLS monthly series
1160,2016-03-01,1160,143666000.0,,255000.0,2741000.0,BLS monthly series
1161,2016-04-01,1161,143856000.0,,190000.0,2654000.0,BLS monthly series
1162,2016-05-01,1162,143901000.0,,45000.0,2362000.0,BLS monthly series
1163,2016-06-01,1163,144152000.0,,251000.0,2457000.0,BLS monthly series
1164,2016-07-01,1164,144515000.0,,363000.0,2526000.0,BLS monthly series
1165,2016-08-01,1165,144664000.0,,149000.0,2534000.0,BLS monthly series
1166,2016-09-01,1166,144961000.0,,297000.0,2696000.0,BLS monthly series
1167,2016-10-01,1167,145069000.0,,108000.0,2485000.0,BLS monthly series
1168,2016-11-01,1168,145188000.0,,119000.0,2378000.0,BLS monthly series
1169,2016-12-01,1169,145410000.0,,222000.0,2327000.0,BLS monthly series
1170,2017-01-01,1170,145636000.0,,226000.0,2440000.0,BLS monthly series
1171,2017-02-01,1171,145848000.0,,212000.0,2437000.0,BLS monthly series
1172,2017-03-01,1172,145976000.0,,128000.0,2310000.0,BLS monthly series
1173,2017-04-01,1173,146173000.0,,197000.0,2317000.0,BLS monthly series
1174,2017-05-01,1174,146389000.0,,216000.0,2488000.0,BLS monthly series
1175,2017-06-01,1175,146588000.0,,199000.0,2436000.0,BLS monthly series
1176,2017-07-01,1176,146772000.0,,184000.0,2257000.0,BLS monthly series
1177,2017-08-01,1177,146907000.0,,135000.0,2243000.0,BLS monthly series
1178,2017-09-01,1178,146999000.0,,92000.0,2038000.0,BLS monthly series
1179,2017-10-01,1179,147146000.0,,147000.0,2077000.0,BLS monthly series
1180,2017-11-01,1180,147375000.0,,229000.0,2187000.0,BLS monthly series
1181,2017-12-01,1181,147521000.0,,146000.0,2111000.0,BLS monthly series
1182,2018-01-01,1182,147667000.0,,146000.0,2031000.0,BLS monthly series
1183,2018-02-01,1183,148054000.0,,387000.0,2206000.0,BLS monthly series
1184,2018-03-01,1184,148280000.0,,226000.0,2304000.0,BLS monthly series
1185,2018-04-01,1185,148426000.0,,146000.0,2253000.0,BLS monthly series
1186,2018-05-01,1186,148755000.0,,329000.0,2366000.0,BLS monthly series
1187,2018-06-01,1187,148968000.0,,213000.0,2380000.0,BLS monthly series
1188,2018-07-01,1188,149023000.0,,55000.0,2251000.0,BLS monthly series
1189,2018-08-01,1189,149274000.0,,251000.0,2367000.0,BLS monthly series
1190,2018-09-01,1190,149361000.0,,87000.0,2362000.0,BLS monthly series
1191,2018-10-01,1191,149525000.0,,164000.0,2379000.0,BLS monthly series
1192,2018-11-01,1192,149622000.0,,97000.0,2247000.0,BLS monthly series
1193,2018-12-01,1193,149804000.0,,182000.0,2283000.0,BLS monthly series
1194,2019-01-01,1194,150062000.0,,258000.0,2395000.0,BLS monthly series
1195,2019-02-01,1195,150067000.0,,5000.0,2013000.0,BLS monthly series
1196,2019-03-01,1196,150294000.0,,227000.0,2014000.0,BLS monthly series
1197,2019-04-01,1197,150602000.0,,308000.0,2176000.0,BLS monthly series
1198,2019-05-01,1198,150640000.0,,38000.0,1885000.0,BLS monthly series
1199,2019-06-01,1199,150844000.0,,204000.0,1876000.0,BLS monthly series
1200,2019-07-01,1200,150934000.0,,90000.0,1911000.0,BLS monthly series
1201,2019-08-01,1201,151155000.0,,221000.0,1881000.0,BLS monthly series
1202,2019-09-01,1202,151358000.0,,203000.0,1997000.0,BLS monthly series
1203,2019-10-01,1203,151458000.0,,100000.0,1933000.0,BLS monthly series
1204,2019-11-01,1204,151666000.0,,208000.0,2044000.0,BLS monthly series
1205,2019-12-01,1205,151792000.0,,126000.0,1988000.0,BLS monthly series
1206,2020-01-01,1206,152045000.0,,253000.0,1983000.0,BLS monthly series
1207,2020-02-01,1207,152309000.0,,264000.0,2242000.0,BLS monthly series
1208,2020-03-01,1208,150898000.0,,-1411000.0,604000.0,BLS monthly series
1209,2020-04-01,1209,130421000.0,,-20477000.0,-20181000.0,BLS monthly series
1210,2020-05-01,1210,133040000.0,,2619000.0,-17600000.0,BLS monthly series
1211,2020-06-01,1211,137655000.0,,4615000.0,-13189000.0,BLS monthly series
1212,2020-07-01,1212,139240000.0,,1585000.0,-11694000.0,BLS monthly series
1213,2020-08-01,1213,140774000.0,,1534000.0,-10381000.0,BLS monthly series
1214,2020-09-01,1214,141820000.0,,1046000.0,-9538000.0,BLS monthly series
1215,2020-10-01,1215,142493000.0,,673000.0,-8965000.0,BLS monthly series
1216,2020-11-01,1216,142761000.0,,268000.0,-8905000.0,BLS monthly series
1217,2020-12-01,1217,142518000.0,,-243000.0,-9274000.0,BLS monthly series
1218,2021-01-01,1218,142916000.0,,398000.0,-9129000.0,BLS monthly series
1219,2021-02-01,1219,143443000.0,,527000.0,-8866000.0,BLS monthly series
1220,2021-03-01,1220,144274000.0,,831000.0,-6624000.0,BLS monthly series
1221,2021-04-01,1221,144593000.0,,319000.0,14172000.0,BLS monthly series
1222,2021-05-01,1222,145044000.0,,451000.0,12004000.0,BLS monthly series
1223,2021-06-01,1223,145822000.0,,778000.0,8167000.0,BLS monthly series
1224,2021-07-01,1224,146761000.0,,939000.0,7521000.0,BLS monthly series
1225,2021-08-01,1225,147226000.0,,465000.0,6452000.0,BLS monthly series
1226,2021-09-01,1226,147706000.0,,480000.0,5886000.0,BLS monthly series
1227,2021-10-01,1227,148566000.0,,860000.0,6073000.0,BLS monthly series
1228,2021-11-01,1228,149197000.0,,631000.0,6436000.0,BLS monthly series
1229,2021-12-01,1229,149763000.0,,566000.0,7245000.0,BLS monthly series
1230,2022-01-01,1230,150014000.0,,251000.0,7098000.0,BLS monthly series
1231,2022-02-01,1231,150876000.0,,862000.0,7433000.0,BLS monthly series
1232,2022-03-01,1232,151370000.0,,494000.0,7096000.0,BLS monthly series
1233,2022-04-01,1233,151642000.0,,272000.0,7049000.0,BLS monthly series
1234,2022-05-01,1234,151928000.0,,286000.0,6884000.0,BLS monthly series
1235,2022-06-01,1235,152348000.0,,420000.0,6526000.0,BLS monthly series
1236,2022-07-01,1236,153038000.0,,690000.0,6277000.0,BLS monthly series
1237,2022-08-01,1237,153281000.0,,243000.0,6055000.0,BLS monthly series
1238,2022-09-01,1238,153536000.0,,255000.0,5830000.0,BLS monthly series
1239,2022-10-01,1239,153897000.0,,361000.0,5331000.0,BLS monthly series
1240,2022-11-01,1240,154155000.0,,258000.0,4958000.0,BLS monthly series
1241,2022-12-01,1241,154291000.0,,136000.0,4528000.0,BLS monthly series
1242,2023-01-01,1242,154773000.0,,482000.0,4759000.0,BLS monthly series
1243,2023-02-01,1243,155060000.0,,287000.0,4184000.0,BLS monthly series
1244,2023-03-01,1244,155206000.0,,146000.0,3836000.0,BLS monthly series
1245,2023-04-01,1245,155484000.0,,278000.0,3842000.0,BLS monthly series
1246,2023-05-01,1246,155787000.0,,303000.0,3859000.0,BLS monthly series
1247,2023-06-01,1247,156027000.0,,240000.0,3679000.0,BLS monthly series
1248,2023-07-01,1248,156211000.0,,184000.0,3173000.0,BLS monthly series
1249,2023-08-01,1249,156421000.0,,210000.0,3140000.0,BLS monthly series
1250,2023-09-01,1250,156667000.0,,246000.0,3131000.0,BLS monthly series
1251,2023-10-01,1251,156832000.0,,165000.0,2935000.0,BLS monthly series
1252,2023-11-01,1252,157014000.0,,182000.0,2859000.0,BLS monthly series
1253,2023-12-01,1253,157304000.0,,290000.0,3013000.0,BLS monthly series
1254,2024-01-01,1254,157560000.0,,256000.0,2787000.0,BLS monthly series
1255,2024-02-01,1255,157830000.0,,270000.0,2770000.0,BLS monthly series
1256,2024-03-01,1256,158133000.0,,303000.0,2927000.0,BLS monthly series
